parent_site,category_1,category_2,category_3,url_pg_1,url_pg_2
etsy,Accessories,Hair Accessories,Headbands & Turbans,https://www.etsy.com/c/handmade/accessories/hair-accessories/headbands?explicit=1,https://www.etsy.com/c/handmade/accessories/hair-accessories/headbands?explicit=1&ref=pagination&page=2
etsy,Accessories,Hair Accessories,Barrettes & Clips,https://www.etsy.com/c/handmade/accessories/hair-accessories/barrettes-and-clips?explicit=1,https://www.etsy.com/c/handmade/accessories/hair-accessories/barrettes-and-clips?explicit=1&ref=pagination&page=2
etsy,Accessories,Hair Accessories,Ties & Elastics,https://www.etsy.com/c/handmade/accessories/hair-accessories/ties-and-elastics?explicit=1,https://www.etsy.com/c/handmade/accessories/hair-accessories/ties-and-elastics?explicit=1&ref=pagination&page=2
etsy,Accessories,Hair Accessories,Hair Jewelry,https://www.etsy.com/c/handmade/accessories/hair-accessories/hair-jewelry?explicit=1,https://www.etsy.com/c/handmade/accessories/hair-accessories/hair-jewelry?explicit=1&ref=pagination&page=2
etsy,Accessories,Hair Accessories,Wreaths & Tiaras,https://www.etsy.com/c/handmade/accessories/hair-accessories/wreaths-and-tiaras?explicit=1,https://www.etsy.com/c/handmade/accessories/hair-accessories/wreaths-and-tiaras?explicit=1&ref=pagination&page=2
etsy,Accessories,Hair Accessories,Hair Pins,https://www.etsy.com/c/handmade/accessories/hair-accessories/hair-pins?explicit=1,https://www.etsy.com/c/handmade/accessories/hair-accessories/hair-pins?explicit=1&ref=pagination&page=2
etsy,Accessories,Hair Accessories,Decorative Combs,https://www.etsy.com/c/handmade/accessories/hair-accessories/decorative-combs?explicit=1,https://www.etsy.com/c/handmade/accessories/hair-accessories/decorative-combs?explicit=1&ref=pagination&page=2
etsy,Accessories,Hair Accessories,Fascinators & Mini Hats,https://www.etsy.com/c/handmade/accessories/hair-accessories/fascinators-and-mini-hats?explicit=1,https://www.etsy.com/c/handmade/accessories/hair-accessories/fascinators-and-mini-hats?explicit=1&ref=pagination&page=2
etsy,Accessories,Hair Accessories,Bun Holders & Makers,https://www.etsy.com/c/handmade/accessories/hair-accessories/bun-holders-and-makers?explicit=1,https://www.etsy.com/c/handmade/accessories/hair-accessories/bun-holders-and-makers?explicit=1&ref=pagination&page=2
etsy,Accessories,Hats & Caps,Winter Hats,https://www.etsy.com/c/handmade/accessories/hats-and-caps/winter-hats?explicit=1,https://www.etsy.com/c/handmade/accessories/hats-and-caps/winter-hats?explicit=1&ref=pagination&page=2
etsy,Accessories,Hats & Caps,Formal Hats,https://www.etsy.com/c/handmade/accessories/hats-and-caps/formal-hats?explicit=1,https://www.etsy.com/c/handmade/accessories/hats-and-caps/formal-hats?explicit=1&ref=pagination&page=2
etsy,Accessories,Hats & Caps,Sun Hats & Visors,https://www.etsy.com/c/handmade/accessories/hats-and-caps/sun-hats-and-visors?explicit=1,https://www.etsy.com/c/handmade/accessories/hats-and-caps/sun-hats-and-visors?explicit=1&ref=pagination&page=2
etsy,Accessories,Hats & Caps,Earmuffs & Ear Warmers,https://www.etsy.com/c/handmade/accessories/hats-and-caps/earmuffs-and-ear-warmers?explicit=1,https://www.etsy.com/c/handmade/accessories/hats-and-caps/earmuffs-and-ear-warmers?explicit=1&ref=pagination&page=2
etsy,Accessories,Hats & Caps,Helmets,https://www.etsy.com/c/handmade/accessories/hats-and-caps/helmets?explicit=1,https://www.etsy.com/c/handmade/accessories/hats-and-caps/helmets?explicit=1&ref=pagination&page=2
etsy,Accessories,Hats & Caps,Baseball & Trucker Caps,https://www.etsy.com/c/handmade/accessories/hats-and-caps/baseball-and-trucker-caps?explicit=1,https://www.etsy.com/c/handmade/accessories/hats-and-caps/baseball-and-trucker-caps?explicit=1&ref=pagination&page=2
etsy,Accessories,Hats & Caps,Slouchy Hats,https://www.etsy.com/c/handmade/accessories/hats-and-caps/slouchy-hats?explicit=1,https://www.etsy.com/c/handmade/accessories/hats-and-caps/slouchy-hats?explicit=1&ref=pagination&page=2
etsy,Accessories,Hats & Caps,Fascinators & Mini Hats,https://www.etsy.com/c/handmade/accessories/hats-and-caps/fascinators-and-mini-hats?explicit=1,https://www.etsy.com/c/handmade/accessories/hats-and-caps/fascinators-and-mini-hats?explicit=1&ref=pagination&page=2
etsy,Accessories,Hats & Caps,Veils,https://www.etsy.com/c/handmade/accessories/hats-and-caps/veils?explicit=1,https://www.etsy.com/c/handmade/accessories/hats-and-caps/veils?explicit=1&ref=pagination&page=2
etsy,Accessories,Keychains & Lanyards,Keychains,https://www.etsy.com/c/handmade/accessories/keychains-and-lanyards/keychains?explicit=1,https://www.etsy.com/c/handmade/accessories/keychains-and-lanyards/keychains?explicit=1&ref=pagination&page=2
etsy,Accessories,Keychains & Lanyards,Lanyards & Badge Holders,https://www.etsy.com/c/handmade/accessories/keychains-and-lanyards/lanyards?explicit=1,https://www.etsy.com/c/handmade/accessories/keychains-and-lanyards/lanyards?explicit=1&ref=pagination&page=2
etsy,Accessories,Keychains & Lanyards,Zipper Charms,https://www.etsy.com/c/handmade/accessories/keychains-and-lanyards/zipper-charms?explicit=1,https://www.etsy.com/c/handmade/accessories/keychains-and-lanyards/zipper-charms?explicit=1&ref=pagination&page=2
etsy,Accessories,Scarves & Wraps,Scarves,https://www.etsy.com/c/handmade/accessories/scarves-and-wraps/scarves?explicit=1,https://www.etsy.com/c/handmade/accessories/scarves-and-wraps/scarves?explicit=1&ref=pagination&page=2
etsy,Accessories,Scarves & Wraps,Shawls & Wraps,https://www.etsy.com/c/handmade/accessories/scarves-and-wraps/shawls-and-wraps?explicit=1,https://www.etsy.com/c/handmade/accessories/scarves-and-wraps/shawls-and-wraps?explicit=1&ref=pagination&page=2
etsy,Accessories,Scarves & Wraps,Handkerchiefs,https://www.etsy.com/c/handmade/accessories/scarves-and-wraps/handkerchiefs?explicit=1,https://www.etsy.com/c/handmade/accessories/scarves-and-wraps/handkerchiefs?explicit=1&ref=pagination&page=2
etsy,Accessories,Scarves & Wraps,Collars & Bibs,https://www.etsy.com/c/handmade/accessories/scarves-and-wraps/collars-and-bibs?explicit=1,https://www.etsy.com/c/handmade/accessories/scarves-and-wraps/collars-and-bibs?explicit=1&ref=pagination&page=2
etsy,Accessories,Baby Accessories,Baby Headbands,https://www.etsy.com/c/handmade/accessories/baby-accessories/baby-headbands?explicit=1,https://www.etsy.com/c/handmade/accessories/baby-accessories/baby-headbands?explicit=1&ref=pagination&page=2
etsy,Accessories,Baby Accessories,Children's Photo Props,https://www.etsy.com/c/handmade/accessories/baby-accessories/childrens-photo-props?explicit=1,https://www.etsy.com/c/handmade/accessories/baby-accessories/childrens-photo-props?explicit=1&ref=pagination&page=2
etsy,Accessories,Baby Accessories,Bibs & Burping,https://www.etsy.com/c/handmade/accessories/baby-accessories/bibs-and-burping?explicit=1,https://www.etsy.com/c/handmade/accessories/baby-accessories/bibs-and-burping?explicit=1&ref=pagination&page=2
etsy,Accessories,Baby Accessories,Baby Carriers & Wraps,https://www.etsy.com/c/handmade/accessories/baby-accessories/baby-carriers-and-wraps?explicit=1,https://www.etsy.com/c/handmade/accessories/baby-accessories/baby-carriers-and-wraps?explicit=1&ref=pagination&page=2
etsy,Accessories,Patches & Pins,,https://www.etsy.com/c/handmade/accessories/patches-and-pins?explicit=1,https://www.etsy.com/c/handmade/accessories/patches-and-pins?explicit=1&ref=pagination&page=2
etsy,Accessories,Suit & Tie Accessories,Cuff Links,https://www.etsy.com/c/handmade/accessories/suit-and-tie-accessories/cufflinks-and-tie-tacks/cuff-links?explicit=1,https://www.etsy.com/c/handmade/accessories/suit-and-tie-accessories/cufflinks-and-tie-tacks/cuff-links?explicit=1&ref=pagination&page=2
etsy,Accessories,Suit & Tie Accessories,Tie Clips & Tacks,https://www.etsy.com/c/handmade/accessories/suit-and-tie-accessories/cufflinks-and-tie-tacks/tie-tacks?explicit=1,https://www.etsy.com/c/handmade/accessories/suit-and-tie-accessories/cufflinks-and-tie-tacks/tie-tacks?explicit=1&ref=pagination&page=2
etsy,Accessories,Suit & Tie Accessories,Tie Bars,https://www.etsy.com/c/handmade/accessories/suit-and-tie-accessories/cufflinks-and-tie-tacks/tie-bars?explicit=1,https://www.etsy.com/c/handmade/accessories/suit-and-tie-accessories/cufflinks-and-tie-tacks/tie-bars?explicit=1&ref=pagination&page=2
etsy,Accessories,Suit & Tie Accessories,Collar Stays,https://www.etsy.com/c/handmade/accessories/suit-and-tie-accessories/cufflinks-and-tie-tacks/collar-stays?explicit=1,https://www.etsy.com/c/handmade/accessories/suit-and-tie-accessories/cufflinks-and-tie-tacks/collar-stays?explicit=1&ref=pagination&page=2
etsy,Accessories,Suit & Tie Accessories,Neckties,https://www.etsy.com/c/handmade/accessories/suit-and-tie-accessories/neckties?explicit=1,https://www.etsy.com/c/handmade/accessories/suit-and-tie-accessories/neckties?explicit=1&ref=pagination&page=2
etsy,Accessories,Suit & Tie Accessories,Bow Ties,https://www.etsy.com/c/handmade/accessories/suit-and-tie-accessories/bow-ties?explicit=1,https://www.etsy.com/c/handmade/accessories/suit-and-tie-accessories/bow-ties?explicit=1&ref=pagination&page=2
etsy,Accessories,Suit & Tie Accessories,Pocket Squares,https://www.etsy.com/c/handmade/accessories/suit-and-tie-accessories/pocket-squares?explicit=1,https://www.etsy.com/c/handmade/accessories/suit-and-tie-accessories/pocket-squares?explicit=1&ref=pagination&page=2
etsy,Accessories,Suit & Tie Accessories,Bolo Ties,https://www.etsy.com/c/handmade/accessories/suit-and-tie-accessories/bolo-ties?explicit=1,https://www.etsy.com/c/handmade/accessories/suit-and-tie-accessories/bolo-ties?explicit=1&ref=pagination&page=2
etsy,Accessories,Suit & Tie Accessories,Formal Vests,https://www.etsy.com/c/handmade/accessories/suit-and-tie-accessories/formal-vests?explicit=1,https://www.etsy.com/c/handmade/accessories/suit-and-tie-accessories/formal-vests?explicit=1&ref=pagination&page=2
etsy,Accessories,Suit & Tie Accessories,Shirt Studs,https://www.etsy.com/c/handmade/accessories/suit-and-tie-accessories/shirt-studs?explicit=1,https://www.etsy.com/c/handmade/accessories/suit-and-tie-accessories/shirt-studs?explicit=1&ref=pagination&page=2
etsy,Accessories,Suit & Tie Accessories,Ascots,https://www.etsy.com/c/handmade/accessories/suit-and-tie-accessories/ascots?explicit=1,https://www.etsy.com/c/handmade/accessories/suit-and-tie-accessories/ascots?explicit=1&ref=pagination&page=2
etsy,Accessories,Suit & Tie Accessories,Cummerbunds,https://www.etsy.com/c/handmade/accessories/suit-and-tie-accessories/cummerbunds?explicit=1,https://www.etsy.com/c/handmade/accessories/suit-and-tie-accessories/cummerbunds?explicit=1&ref=pagination&page=2
etsy,Accessories,Costume Accessories,Masks & Prosthetics,https://www.etsy.com/c/handmade/accessories/costume-accessories/masks-and-prosthetics?explicit=1,https://www.etsy.com/c/handmade/accessories/costume-accessories/masks-and-prosthetics?explicit=1&ref=pagination&page=2
etsy,Accessories,Costume Accessories,Costume Tails & Ears,https://www.etsy.com/c/handmade/accessories/costume-accessories/costume-tails-and-ears?explicit=1,https://www.etsy.com/c/handmade/accessories/costume-accessories/costume-tails-and-ears?explicit=1&ref=pagination&page=2
etsy,Accessories,Costume Accessories,Costume Hats & Headpieces,https://www.etsy.com/c/handmade/accessories/costume-accessories/costume-hats-and-headpieces?explicit=1,https://www.etsy.com/c/handmade/accessories/costume-accessories/costume-hats-and-headpieces?explicit=1&ref=pagination&page=2
etsy,Accessories,Costume Accessories,Costume Weapons,https://www.etsy.com/c/handmade/accessories/costume-accessories/costume-weapons?explicit=1,https://www.etsy.com/c/handmade/accessories/costume-accessories/costume-weapons?explicit=1&ref=pagination&page=2
etsy,Accessories,Costume Accessories,Wands,https://www.etsy.com/c/handmade/accessories/costume-accessories/wands?explicit=1,https://www.etsy.com/c/handmade/accessories/costume-accessories/wands?explicit=1&ref=pagination&page=2
etsy,Accessories,Costume Accessories,Face & Body Paint,https://www.etsy.com/c/handmade/accessories/costume-accessories/face-and-body-paint?explicit=1,https://www.etsy.com/c/handmade/accessories/costume-accessories/face-and-body-paint?explicit=1&ref=pagination&page=2
etsy,Accessories,Costume Accessories,Capes,https://www.etsy.com/c/handmade/accessories/costume-accessories/capes?explicit=1,https://www.etsy.com/c/handmade/accessories/costume-accessories/capes?explicit=1&ref=pagination&page=2
etsy,Accessories,Costume Accessories,Wings,https://www.etsy.com/c/handmade/accessories/costume-accessories/wings?explicit=1,https://www.etsy.com/c/handmade/accessories/costume-accessories/wings?explicit=1&ref=pagination&page=2
etsy,Accessories,Costume Accessories,Costume Goggles,https://www.etsy.com/c/handmade/accessories/costume-accessories/costume-goggles?explicit=1,https://www.etsy.com/c/handmade/accessories/costume-accessories/costume-goggles?explicit=1&ref=pagination&page=2
etsy,Accessories,Belts & Suspenders,Belts,https://www.etsy.com/c/handmade/accessories/belts-and-suspenders/belts?explicit=1,https://www.etsy.com/c/handmade/accessories/belts-and-suspenders/belts?explicit=1&ref=pagination&page=2
etsy,Accessories,Belts & Suspenders,Belt Buckles,https://www.etsy.com/c/handmade/accessories/belts-and-suspenders/belt-buckles?explicit=1,https://www.etsy.com/c/handmade/accessories/belts-and-suspenders/belt-buckles?explicit=1&ref=pagination&page=2
etsy,Accessories,Belts & Suspenders,Suspenders,https://www.etsy.com/c/handmade/accessories/belts-and-suspenders/suspenders?explicit=1,https://www.etsy.com/c/handmade/accessories/belts-and-suspenders/suspenders?explicit=1&ref=pagination&page=2
etsy,Bags and Purses,Handbags,Shoulder Bags,https://www.etsy.com/c/handmade/bags-and-purses/handbags/shoulder-bags?explicit=1,https://www.etsy.com/c/handmade/bags-and-purses/handbags/shoulder-bags?explicit=1&ref=pagination&page=2
etsy,Bags and Purses,Handbags,Clutches & Evening Bags,https://www.etsy.com/c/handmade/bags-and-purses/handbags/clutches-and-evening-bags?explicit=1,https://www.etsy.com/c/handmade/bags-and-purses/handbags/clutches-and-evening-bags?explicit=1&ref=pagination&page=2
etsy,Bags and Purses,Handbags,Crossbody Bags,https://www.etsy.com/c/handmade/bags-and-purses/handbags/crossbody-bags?explicit=1,https://www.etsy.com/c/handmade/bags-and-purses/handbags/crossbody-bags?explicit=1&ref=pagination&page=2
etsy,Bags and Purses,Handbags,Top Handle Bags,https://www.etsy.com/c/handmade/bags-and-purses/handbags/top-handle-bags?explicit=1,https://www.etsy.com/c/handmade/bags-and-purses/handbags/top-handle-bags?explicit=1&ref=pagination&page=2
etsy,Bags and Purses,Handbags,Wristlets,https://www.etsy.com/c/handmade/bags-and-purses/handbags/wristlets?explicit=1,https://www.etsy.com/c/handmade/bags-and-purses/handbags/wristlets?explicit=1&ref=pagination&page=2
etsy,Bags and Purses,Handbags,Hobo Bags,https://www.etsy.com/c/handmade/bags-and-purses/handbags/hobo-bags?explicit=1,https://www.etsy.com/c/handmade/bags-and-purses/handbags/hobo-bags?explicit=1&ref=pagination&page=2
etsy,Bags and Purses,Handbags,Purse Inserts,https://www.etsy.com/c/handmade/bags-and-purses/handbags/purse-inserts?explicit=1,https://www.etsy.com/c/handmade/bags-and-purses/handbags/purse-inserts?explicit=1&ref=pagination&page=2
etsy,Bags and Purses,Handbags,Purse Straps,https://www.etsy.com/c/handmade/bags-and-purses/handbags/purse-straps?explicit=1,https://www.etsy.com/c/handmade/bags-and-purses/handbags/purse-straps?explicit=1&ref=pagination&page=2
etsy,Bags and Purses,Electronics Cases,Camera Bags & Cases,https://www.etsy.com/c/handmade/bags-and-purses/electronics-cases/camera-bags-and-cases?explicit=1,https://www.etsy.com/c/handmade/bags-and-purses/electronics-cases/camera-bags-and-cases?explicit=1&ref=pagination&page=2
etsy,Bags and Purses,Electronics Cases,Phone Cases,https://www.etsy.com/c/handmade/bags-and-purses/electronics-cases/phone-cases?explicit=1,https://www.etsy.com/c/handmade/bags-and-purses/electronics-cases/phone-cases?explicit=1&ref=pagination&page=2
etsy,Bags and Purses,Electronics Cases,Laptop Sleeves,https://www.etsy.com/c/handmade/bags-and-purses/electronics-cases/laptop-sleeves?explicit=1,https://www.etsy.com/c/handmade/bags-and-purses/electronics-cases/laptop-sleeves?explicit=1&ref=pagination&page=2
etsy,Bags and Purses,Electronics Cases,Tablet & E-Reader Cases,https://www.etsy.com/c/handmade/bags-and-purses/electronics-cases/tablet-and-reader-cases?explicit=1,https://www.etsy.com/c/handmade/bags-and-purses/electronics-cases/tablet-and-reader-cases?explicit=1&ref=pagination&page=2
etsy,Bags and Purses,Wallets & Money Clips,Wallets,https://www.etsy.com/c/handmade/bags-and-purses/wallets-and-money-clips/wallets?explicit=1,https://www.etsy.com/c/handmade/bags-and-purses/wallets-and-money-clips/wallets?explicit=1&ref=pagination&page=2
etsy,Bags and Purses,Wallets & Money Clips,Business Card Cases,https://www.etsy.com/c/handmade/bags-and-purses/wallets-and-money-clips/business-card-cases?explicit=1,https://www.etsy.com/c/handmade/bags-and-purses/wallets-and-money-clips/business-card-cases?explicit=1&ref=pagination&page=2
etsy,Bags and Purses,Wallets & Money Clips,Money Clips,https://www.etsy.com/c/bags-and-purses/wallets-and-money-clips/money-clips?explicit=1&ref=catcard-196-494003633,https://www.etsy.com/c/handmade/bags-and-purses/wallets-and-money-clips/money-clips?explicit=1&ref=pagination&page=2
etsy,Bags and Purses,Wallets & Money Clips,Checkbook Covers,https://www.etsy.com/c/handmade/bags-and-purses/wallets-and-money-clips/checkbook-covers?explicit=1,https://www.etsy.com/c/handmade/bags-and-purses/wallets-and-money-clips/checkbook-covers?explicit=1&ref=pagination&page=2
etsy,Bags and Purses,Cosmetic & Toiletry Storage,,https://www.etsy.com/c/handmade/bags-and-purses/cosmetic-and-toiletry-storage?explicit=1,https://www.etsy.com/c/handmade/bags-and-purses/cosmetic-and-toiletry-storage?explicit=1&ref=pagination&page=2
etsy,Bags and Purses,Luggage & Travel,Luggage Tags,https://www.etsy.com/c/handmade/bags-and-purses/luggage-and-travel/luggage-tags?explicit=1,https://www.etsy.com/c/handmade/bags-and-purses/luggage-and-travel/luggage-tags?explicit=1&ref=pagination&page=2
etsy,Bags and Purses,Luggage & Travel,Passport Covers,https://www.etsy.com/c/handmade/bags-and-purses/luggage-and-travel/passport-covers?explicit=1,https://www.etsy.com/c/handmade/bags-and-purses/luggage-and-travel/passport-covers?explicit=1&ref=pagination&page=2
etsy,Bags and Purses,Luggage & Travel,Duffel Bags,https://www.etsy.com/c/handmade/bags-and-purses/luggage-and-travel/duffel-bags?explicit=1,https://www.etsy.com/c/handmade/bags-and-purses/luggage-and-travel/duffel-bags?explicit=1&ref=pagination&page=2
etsy,Bags and Purses,Luggage & Travel,Overnight Bags,https://www.etsy.com/c/handmade/bags-and-purses/luggage-and-travel/overnight-bags?explicit=1,https://www.etsy.com/c/handmade/bags-and-purses/luggage-and-travel/overnight-bags?explicit=1&ref=pagination&page=2
etsy,Bags and Purses,Luggage & Travel,Suitcases,https://www.etsy.com/c/handmade/bags-and-purses/luggage-and-travel/suitcases?explicit=1,https://www.etsy.com/c/handmade/bags-and-purses/luggage-and-travel/suitcases?explicit=1&ref=pagination&page=2
etsy,Bags and Purses,Luggage & Travel,Travel Wallets,https://www.etsy.com/c/handmade/bags-and-purses/luggage-and-travel/travel-wallets?explicit=1,https://www.etsy.com/c/handmade/bags-and-purses/luggage-and-travel/travel-wallets?explicit=1&ref=pagination&page=2
etsy,Bags and Purses,Luggage & Travel,Briefcases & Attaches,https://www.etsy.com/c/handmade/bags-and-purses/luggage-and-travel/briefcases-and-attaches?explicit=1,https://www.etsy.com/c/handmade/bags-and-purses/luggage-and-travel/briefcases-and-attaches?explicit=1&ref=pagination&page=2
etsy,Bags and Purses,Luggage & Travel,Garment Bags,https://www.etsy.com/c/handmade/bags-and-purses/luggage-and-travel/garment-bags?explicit=1,https://www.etsy.com/c/handmade/bags-and-purses/luggage-and-travel/garment-bags?explicit=1&ref=pagination&page=2
etsy,Bags and Purses,Luggage & Travel,Train Cases,https://www.etsy.com/c/handmade/bags-and-purses/luggage-and-travel/train-cases?explicit=1,https://www.etsy.com/c/handmade/bags-and-purses/luggage-and-travel/train-cases?explicit=1&ref=pagination&page=2
etsy,Bags and Purses,Accessory Cases,,https://www.etsy.com/c/handmade/bags-and-purses/accessory-cases?explicit=1,https://www.etsy.com/c/handmade/bags-and-purses/accessory-cases?explicit=1&ref=pagination&page=2
etsy,Bags and Purses,Food & Insulated Bags,Lunch Bags & Boxes,https://www.etsy.com/c/handmade/bags-and-purses/food-and-insulated-bags/lunch-bags-and-boxes?explicit=1,https://www.etsy.com/c/handmade/bags-and-purses/food-and-insulated-bags/lunch-bags-and-boxes?explicit=1&ref=pagination&page=2
etsy,Bags and Purses,Food & Insulated Bags,Drink Holders & Cozies,https://www.etsy.com/c/handmade/bags-and-purses/food-and-insulated-bags/drink-holders-and-cozies?explicit=1,https://www.etsy.com/c/handmade/bags-and-purses/food-and-insulated-bags/drink-holders-and-cozies?explicit=1&ref=pagination&page=2
etsy,Bags and Purses,Food & Insulated Bags,Picnic Baskets & Bags,https://www.etsy.com/c/handmade/bags-and-purses/food-and-insulated-bags/picnic-baskets-and-bags?explicit=1,https://www.etsy.com/c/handmade/bags-and-purses/food-and-insulated-bags/picnic-baskets-and-bags?explicit=1&ref=pagination&page=2
etsy,Bags and Purses,Sports Bags,,https://www.etsy.com/c/handmade/bags-and-purses/sports-bags?explicit=1,https://www.etsy.com/c/handmade/bags-and-purses/sports-bags?explicit=1&ref=pagination&page=2
etsy,Jewelry,Body Jewelry,Hair Jewelry,https://www.etsy.com/c/handmade/jewelry/body-jewelry/hair-jewelry?explicit=1,https://www.etsy.com/c/handmade/jewelry/body-jewelry/hair-jewelry?explicit=1&ref=pagination&page=2
etsy,Jewelry,Body Jewelry,Anklets,https://www.etsy.com/c/handmade/jewelry/body-jewelry/anklets?explicit=1,https://www.etsy.com/c/handmade/jewelry/body-jewelry/anklets?explicit=1&ref=pagination&page=2
etsy,Jewelry,Body Jewelry,Nose Rings & Studs,https://www.etsy.com/c/handmade/jewelry/body-jewelry/nose-rings-and-studs?explicit=1,https://www.etsy.com/c/handmade/jewelry/body-jewelry/nose-rings-and-studs?explicit=1&ref=pagination&page=2
etsy,Jewelry,Body Jewelry,Gauge & Plug Earrings,https://www.etsy.com/c/handmade/jewelry/body-jewelry/gauge-and-plug-earrings?explicit=1,https://www.etsy.com/c/handmade/jewelry/body-jewelry/gauge-and-plug-earrings?explicit=1&ref=pagination&page=2
etsy,Jewelry,Body Jewelry,Belly Rings,https://www.etsy.com/c/handmade/jewelry/body-jewelry/belly-rings?explicit=1,https://www.etsy.com/c/handmade/jewelry/body-jewelry/belly-rings?explicit=1&ref=pagination&page=2
etsy,Jewelry,Body Jewelry,Belly Chains,https://www.etsy.com/c/handmade/jewelry/body-jewelry/belly-chains?explicit=1,https://www.etsy.com/c/handmade/jewelry/body-jewelry/belly-chains?explicit=1&ref=pagination&page=2
etsy,Jewelry,Body Jewelry,Barbells,https://www.etsy.com/c/handmade/jewelry/body-jewelry/barbells?explicit=1,https://www.etsy.com/c/handmade/jewelry/body-jewelry/barbells?explicit=1&ref=pagination&page=2
etsy,Jewelry,Body Jewelry,Nipple Jewelry,https://www.etsy.com/c/handmade/jewelry/body-jewelry/nipple-jewelry?explicit=1,https://www.etsy.com/c/handmade/jewelry/body-jewelry/nipple-jewelry?explicit=1&ref=pagination&page=2
etsy,Jewelry,Body Jewelry,Toe Rings,https://www.etsy.com/c/handmade/jewelry/body-jewelry/toe-rings?explicit=1,https://www.etsy.com/c/handmade/jewelry/body-jewelry/toe-rings?explicit=1&ref=pagination&page=2
etsy,Jewelry,Bracelets,Woven & Braided Bracelets,https://www.etsy.com/c/handmade/jewelry/bracelets/woven-and-braided-bracelets?explicit=1,https://www.etsy.com/c/handmade/jewelry/bracelets/woven-and-braided-bracelets?explicit=1&ref=pagination&page=2
etsy,Jewelry,Bracelets,Beaded Bracelets,https://www.etsy.com/c/handmade/jewelry/bracelets/beaded-bracelets?explicit=1,https://www.etsy.com/c/handmade/jewelry/bracelets/beaded-bracelets?explicit=1&ref=pagination&page=2
etsy,Jewelry,Bracelets,Charm Bracelets,https://www.etsy.com/c/handmade/jewelry/bracelets/charm-bracelets?explicit=1,https://www.etsy.com/c/handmade/jewelry/bracelets/charm-bracelets?explicit=1&ref=pagination&page=2
etsy,Jewelry,Bracelets,Cuff Bracelets,https://www.etsy.com/c/handmade/jewelry/bracelets/cuff-bracelets?explicit=1,https://www.etsy.com/c/handmade/jewelry/bracelets/cuff-bracelets?explicit=1&ref=pagination&page=2
etsy,Jewelry,Earrings,Ear Jackets & Climbers,https://www.etsy.com/c/handmade/jewelry/earrings/ear-jackets-and-climbers?explicit=1,https://www.etsy.com/c/handmade/jewelry/earrings/ear-jackets-and-climbers?explicit=1&ref=pagination&page=2
etsy,Jewelry,Earrings,Dangle & Drop Earrings,https://www.etsy.com/c/handmade/jewelry/earrings/dangle-earrings?explicit=1,https://www.etsy.com/c/handmade/jewelry/earrings/dangle-earrings?explicit=1&ref=pagination&page=2
etsy,Jewelry,Earrings,Stud Earrings,https://www.etsy.com/c/handmade/jewelry/earrings/stud-earrings?explicit=1,https://www.etsy.com/c/handmade/jewelry/earrings/stud-earrings?explicit=1&ref=pagination&page=2
etsy,Jewelry,Earrings,Hoop Earrings,https://www.etsy.com/c/handmade/jewelry/earrings/hoop-earrings?explicit=1,https://www.etsy.com/c/handmade/jewelry/earrings/hoop-earrings?explicit=1&ref=pagination&page=2
etsy,Jewelry,Earrings,Clip-On Earrings,https://www.etsy.com/c/handmade/jewelry/earrings/clip-on-earrings?explicit=1,https://www.etsy.com/c/handmade/jewelry/earrings/clip-on-earrings?explicit=1&ref=pagination&page=2
etsy,Jewelry,Earrings,Chandelier Earrings,https://www.etsy.com/c/handmade/jewelry/earrings/chandelier-earrings?explicit=1,https://www.etsy.com/c/handmade/jewelry/earrings/chandelier-earrings?explicit=1&ref=pagination&page=2
etsy,Jewelry,Earrings,Gauge & Plug Earrings,https://www.etsy.com/c/handmade/jewelry/earrings/gauge-and-plug-earrings?explicit=1,https://www.etsy.com/c/handmade/jewelry/earrings/gauge-and-plug-earrings?explicit=1&ref=pagination&page=2
etsy,Jewelry,Earrings,Screw Back Earrings,https://www.etsy.com/c/handmade/jewelry/earrings/screw-back-earrings?explicit=1,https://www.etsy.com/c/handmade/jewelry/earrings/screw-back-earrings?explicit=1&ref=pagination&page=2
etsy,Jewelry,Earrings,Cuff & Wrap Earrings,https://www.etsy.com/c/handmade/jewelry/earrings/cuff-and-wrap-earrings?explicit=1,https://www.etsy.com/c/handmade/jewelry/earrings/cuff-and-wrap-earrings?explicit=1&ref=pagination&page=2
etsy,Jewelry,Necklaces,Pendants,https://www.etsy.com/c/handmade/jewelry/necklaces/pendants?explicit=1,https://www.etsy.com/c/handmade/jewelry/necklaces/pendants?explicit=1&ref=pagination&page=2
etsy,Jewelry,Necklaces,Beaded Necklaces,https://www.etsy.com/c/handmade/jewelry/necklaces/beaded-necklaces?explicit=1,https://www.etsy.com/c/handmade/jewelry/necklaces/beaded-necklaces?explicit=1&ref=pagination&page=2
etsy,Jewelry,Necklaces,Charm Necklaces,https://www.etsy.com/c/handmade/jewelry/necklaces/charm-necklaces?explicit=1,https://www.etsy.com/c/handmade/jewelry/necklaces/charm-necklaces?explicit=1&ref=pagination&page=2
etsy,Jewelry,Necklaces,Chokers,https://www.etsy.com/c/handmade/jewelry/necklaces/chokers?explicit=1,https://www.etsy.com/c/handmade/jewelry/necklaces/chokers?explicit=1&ref=pagination&page=2
etsy,Jewelry,Necklaces,Crystal Necklaces,https://www.etsy.com/c/handmade/jewelry/necklaces/crystal-necklaces?explicit=1,https://www.etsy.com/c/handmade/jewelry/necklaces/crystal-necklaces?explicit=1&ref=pagination&page=2
etsy,Jewelry,Necklaces,Chains,https://www.etsy.com/c/handmade/jewelry/necklaces/chains?explicit=1,https://www.etsy.com/c/handmade/jewelry/necklaces/chains?explicit=1&ref=pagination&page=2
etsy,Jewelry,Necklaces,Monogram & Name Necklaces,https://www.etsy.com/c/handmade/jewelry/necklaces/monogram-and-name-necklaces?explicit=1,https://www.etsy.com/c/handmade/jewelry/necklaces/monogram-and-name-necklaces?explicit=1&ref=pagination&page=2
etsy,Jewelry,Necklaces,Lockets,https://www.etsy.com/c/handmade/jewelry/necklaces/lockets?explicit=1,https://www.etsy.com/c/handmade/jewelry/necklaces/lockets?explicit=1&ref=pagination&page=2
etsy,Jewelry,Necklaces,Bib Necklaces,https://www.etsy.com/c/handmade/jewelry/necklaces/bib-necklaces?explicit=1,https://www.etsy.com/c/handmade/jewelry/necklaces/bib-necklaces?explicit=1&ref=pagination&page=2
etsy,Jewelry,Rings,Statement Rings,https://www.etsy.com/c/handmade/jewelry/rings/statement-rings?explicit=1,https://www.etsy.com/c/handmade/jewelry/rings/statement-rings?explicit=1&ref=pagination&page=2
etsy,Jewelry,Rings,Bands,https://www.etsy.com/c/handmade/jewelry/rings/bands?explicit=1,https://www.etsy.com/c/handmade/jewelry/rings/bands?explicit=1&ref=pagination&page=2
etsy,Jewelry,Rings,Solitaire Rings,https://www.etsy.com/c/handmade/jewelry/rings/solitaire-rings?explicit=1,https://www.etsy.com/c/handmade/jewelry/rings/solitaire-rings?explicit=1&ref=pagination&page=2
etsy,Jewelry,Rings,Stackable Rings,https://www.etsy.com/c/handmade/jewelry/rings/stackable-rings?explicit=1,https://www.etsy.com/c/handmade/jewelry/rings/stackable-rings?explicit=1&ref=pagination&page=2
etsy,Jewelry,Rings,Multi-Stone Rings,https://www.etsy.com/c/handmade/jewelry/rings/multistone-rings?explicit=1,https://www.etsy.com/c/handmade/jewelry/rings/multistone-rings?explicit=1&ref=pagination&page=2
etsy,Jewelry,Rings,Midi Rings,https://www.etsy.com/c/handmade/jewelry/rings/midi-rings?explicit=1,https://www.etsy.com/c/handmade/jewelry/rings/midi-rings?explicit=1&ref=pagination&page=2
etsy,Jewelry,Rings,Triplet & Double Rings,https://www.etsy.com/c/handmade/jewelry/rings/multifinger-rings?explicit=1,https://www.etsy.com/c/handmade/jewelry/rings/multifinger-rings?explicit=1&ref=pagination&page=2
amazon,Jewelry,Bracelets,,https://www.amazon.com/b/ref=s9_acss_bw_cg_hndjeq2_md1_w?node=11435858011&ref=q2_bracelets&pf_rd_m=ATVPDKIKX0DER&pf_rd_s=merchandised-search-3&pf_rd_r=PYJDETRW6TWWXWNNB3QD&pf_rd_t=101&pf_rd_p=9b08988e-ab6d-420b-b38a-bb8483e56df8&pf_rd_i=11403480011,https://www.amazon.com/s?rh=n%3A11260432011%2Cn%3A%2111260433011%2Cn%3A11403480011%2Cn%3A11435858011&page=2&qid=1576180435&ref=lp_11435858011_pg_2
amazon,Jewelry,Necklaces,,https://www.amazon.com/b/ref=s9_acss_bw_cg_hndjeq2_md1_w?node=11435888011&ref=q2_necklaces&pf_rd_m=ATVPDKIKX0DER&pf_rd_s=merchandised-search-3&pf_rd_r=PYJDETRW6TWWXWNNB3QD&pf_rd_t=101&pf_rd_p=9b08988e-ab6d-420b-b38a-bb8483e56df8&pf_rd_i=11403480011,https://www.amazon.com/s?rh=n%3A11260432011%2Cn%3A%2111260433011%2Cn%3A11403480011%2Cn%3A11435888011&page=2&qid=1576180889&ref=lp_11435888011_pg_2
amazon,Jewelry,Earrings,,https://www.amazon.com/b/ref=s9_acss_bw_cg_hndjeq2_md1_w?node=11435874011&ref=q2_earrings&pf_rd_m=ATVPDKIKX0DER&pf_rd_s=merchandised-search-3&pf_rd_r=8VXHHGYMSJNA5CTMEQEP&pf_rd_t=101&pf_rd_p=9b08988e-ab6d-420b-b38a-bb8483e56df8&pf_rd_i=11403480011,https://www.amazon.com/s?rh=n%3A11260432011%2Cn%3A%2111260433011%2Cn%3A11403480011%2Cn%3A11435874011&page=2&qid=1576180962&ref=lp_11435874011_pg_2
amazon,Jewelry,Rings,,https://www.amazon.com/b/ref=s9_acss_bw_cg_hndjeq2_md1_w?node=11435897011&ref=q2_rings&pf_rd_m=ATVPDKIKX0DER&pf_rd_s=merchandised-search-3&pf_rd_r=8VXHHGYMSJNA5CTMEQEP&pf_rd_t=101&pf_rd_p=9b08988e-ab6d-420b-b38a-bb8483e56df8&pf_rd_i=11403480011,https://www.amazon.com/s?rh=n%3A11260432011%2Cn%3A%2111260433011%2Cn%3A11403480011%2Cn%3A11435897011&page=2&qid=1576181011&ref=lp_11435897011_pg_2
amazon,Jewelry,"Pins, Buttons & Brooches",,https://www.amazon.com/b/ref=s9_acss_bw_cg_hndjeq2_md1_w?node=11435865011&ref=q2_pins&pf_rd_m=ATVPDKIKX0DER&pf_rd_s=merchandised-search-3&pf_rd_r=8VXHHGYMSJNA5CTMEQEP&pf_rd_t=101&pf_rd_p=9b08988e-ab6d-420b-b38a-bb8483e56df8&pf_rd_i=11403480011,https://www.amazon.com/s?rh=n%3A11260432011%2Cn%3A%2111260433011%2Cn%3A11403480011%2Cn%3A11435865011&page=2&qid=1576181158&ref=lp_11435865011_pg_2
amazon,Jewelry,Wedding & Engagement Rings,,https://www.amazon.com/s?k=wedding+%26+engagement+rings&i=handmade&pf_rd_i=11403480011&pf_rd_m=ATVPDKIKX0DER&pf_rd_p=9b08988e-ab6d-420b-b38a-bb8483e56df8&pf_rd_r=8VXHHGYMSJNA5CTMEQEP&pf_rd_s=merchandised-search-3&pf_rd_t=101&ref=q2_jwedding,https://www.amazon.com/s?k=wedding+%26+engagement+rings&i=handmade&page=2&pf_rd_i=11403480011&pf_rd_m=ATVPDKIKX0DER&pf_rd_p=9b08988e-ab6d-420b-b38a-bb8483e56df8&pf_rd_r=8VXHHGYMSJNA5CTMEQEP&pf_rd_s=merchandised-search-3&pf_rd_t=101&qid=1576181266&ref=sr_pg_1
amazon,Jewelry,Cufflinks & Shirt Accessories,,https://www.amazon.com/b/ref=s9_acss_bw_cg_hndjeq2_md1_w?node=11435869011&ref=q2_cuffacc&pf_rd_m=ATVPDKIKX0DER&pf_rd_s=merchandised-search-3&pf_rd_r=8VXHHGYMSJNA5CTMEQEP&pf_rd_t=101&pf_rd_p=9b08988e-ab6d-420b-b38a-bb8483e56df8&pf_rd_i=11403480011,https://www.amazon.com/s?rh=n%3A11260432011%2Cn%3A%2111260433011%2Cn%3A11403480011%2Cn%3A11435869011&page=2&qid=1576181370&ref=lp_11435869011_pg_2
amazon,Jewelry,Watches,,https://www.amazon.com/b/ref=s9_acss_bw_cg_hndjeq2_md1_w?node=18730241011&ref=q2_watch&pf_rd_m=ATVPDKIKX0DER&pf_rd_s=merchandised-search-3&pf_rd_r=8VXHHGYMSJNA5CTMEQEP&pf_rd_t=101&pf_rd_p=9b08988e-ab6d-420b-b38a-bb8483e56df8&pf_rd_i=11403480011,https://www.amazon.com/s?rh=n%3A11260432011%2Cn%3A%2111260433011%2Cn%3A11403480011%2Cn%3A18730241011&page=2&qid=1576181567&ref=lp_18730241011_pg_2
amazon,Home Décor,Furniture,,https://www.amazon.com/s?i=handmade-home-and-kitchen&rh=n%3A11260432011%2Cn%3A11260433011%2Cn%3A11403478011%2Cn%3A11433453011&qid=1576181778&ref=sr_pg_1,https://www.amazon.com/s?rh=n%3A11260432011%2Cn%3A%2111260433011%2Cn%3A11403478011%2Cn%3A11433453011&page=2&qid=1576181755&ref=lp_11433453011_pg_2
amazon,Home Décor,Artwork,,https://www.amazon.com/b/ref=s9_acss_bw_cg_hndhdq2_md1_w?node=11433412011&ref=q2_artwork&pf_rd_m=ATVPDKIKX0DER&pf_rd_s=merchandised-search-3&pf_rd_r=53NZHW0466Y4K5R72F39&pf_rd_t=101&pf_rd_p=c440d437-72d8-462b-95c9-f03b9ed2df72&pf_rd_i=11434552011,https://www.amazon.com/s?rh=n%3A11260432011%2Cn%3A%2111260433011%2Cn%3A11403478011%2Cn%3A11433412011&page=2&qid=1576181907&ref=lp_11433412011_pg_2
amazon,Home Décor,Lighting,,https://www.amazon.com/b/ref=s9_acss_bw_cg_hndhdq2_md1_w?node=11403482011&ref=q2_lighting&pf_rd_m=ATVPDKIKX0DER&pf_rd_s=merchandised-search-3&pf_rd_r=53NZHW0466Y4K5R72F39&pf_rd_t=101&pf_rd_p=c440d437-72d8-462b-95c9-f03b9ed2df72&pf_rd_i=11434552011,https://www.amazon.com/s?rh=n%3A11260432011%2Cn%3A%2111260433011%2Cn%3A11403478011%2Cn%3A11403482011&page=2&qid=1576182090&ref=lp_11403482011_pg_2
amazon,Home Décor,Candles & Holders,,https://www.amazon.com/b/ref=s9_acss_bw_cg_hndhdq2_md1_w?node=11434554011&ref=q2_candles&pf_rd_m=ATVPDKIKX0DER&pf_rd_s=merchandised-search-3&pf_rd_r=53NZHW0466Y4K5R72F39&pf_rd_t=101&pf_rd_p=c440d437-72d8-462b-95c9-f03b9ed2df72&pf_rd_i=11434552011,https://www.amazon.com/s?rh=n%3A11260432011%2Cn%3A%2111260433011%2Cn%3A11403478011%2Cn%3A11434552011%2Cn%3A11434554011&page=2&qid=1576182212&ref=lp_11434554011_pg_2
amazon,Home Décor,Bath,,https://www.amazon.com/b/ref=s9_acss_bw_cg_hndhdq2_md1_w?node=11433420011&ref=q2_bath&pf_rd_m=ATVPDKIKX0DER&pf_rd_s=merchandised-search-3&pf_rd_r=53NZHW0466Y4K5R72F39&pf_rd_t=101&pf_rd_p=c440d437-72d8-462b-95c9-f03b9ed2df72&pf_rd_i=11434552011,https://www.amazon.com/s?rh=n%3A11260432011%2Cn%3A%2111260433011%2Cn%3A11403478011%2Cn%3A11433420011&page=2&qid=1576182272&ref=lp_11433420011_pg_2
amazon,Home Décor,Bedding,,https://www.amazon.com/b/ref=s9_acss_bw_cg_hndhdq2_md1_w?node=11433437011&ref=q2_bedding&pf_rd_m=ATVPDKIKX0DER&pf_rd_s=merchandised-search-3&pf_rd_r=53NZHW0466Y4K5R72F39&pf_rd_t=101&pf_rd_p=c440d437-72d8-462b-95c9-f03b9ed2df72&pf_rd_i=11434552011,https://www.amazon.com/s?rh=n%3A11260432011%2Cn%3A%2111260433011%2Cn%3A11403478011%2Cn%3A11433437011&page=2&qid=1576182331&ref=lp_11433437011_pg_2
amazon,Home Décor,Throw Pillows,,https://www.amazon.com/b/ref=s9_acss_bw_cg_hndhdq2_md1_w?node=11434606011&ref=q2_throwpillows&pf_rd_m=ATVPDKIKX0DER&pf_rd_s=merchandised-search-3&pf_rd_r=53NZHW0466Y4K5R72F39&pf_rd_t=101&pf_rd_p=c440d437-72d8-462b-95c9-f03b9ed2df72&pf_rd_i=11434552011,https://www.amazon.com/s?rh=n%3A11260432011%2Cn%3A%2111260433011%2Cn%3A11403478011%2Cn%3A11434552011%2Cn%3A11434606011&page=2&qid=1576182380&ref=lp_11434606011_pg_2
amazon,Home Décor,Childern's Room Décor,,https://www.amazon.com/s?k=childrens+room+decor&i=handmade&pf_rd_i=11434552011&pf_rd_m=ATVPDKIKX0DER&pf_rd_p=c440d437-72d8-462b-95c9-f03b9ed2df72&pf_rd_r=53NZHW0466Y4K5R72F39&pf_rd_s=merchandised-search-3&pf_rd_t=101&ref=q2_croomdecor,https://www.amazon.com/s?k=childrens+room+decor&i=handmade&page=2&pf_rd_i=11434552011&pf_rd_m=ATVPDKIKX0DER&pf_rd_p=c440d437-72d8-462b-95c9-f03b9ed2df72&pf_rd_r=53NZHW0466Y4K5R72F39&pf_rd_s=merchandised-search-3&pf_rd_t=101&qid=1576182443&ref=sr_pg_1
amazon,Kitchen & Dining,Bakeware,,https://www.amazon.com/b/ref=s9_acss_bw_cg_hndkitq_md1_w?node=11434960011&ref=q2_bakeware&pf_rd_m=ATVPDKIKX0DER&pf_rd_s=merchandised-search-2&pf_rd_r=9SYJKHF508VPKXV34X1C&pf_rd_t=101&pf_rd_p=25208e39-6c3c-4ce5-aca0-efd5bcb0420c&pf_rd_i=11434959011,https://www.amazon.com/s?rh=n%3A11260432011%2Cn%3A%2111260433011%2Cn%3A11403478011%2Cn%3A11434959011%2Cn%3A11434960011&page=2&qid=1576182736&ref=lp_11434960011_pg_2
amazon,Kitchen & Dining,Cups & Mugs,,https://www.amazon.com/b/ref=s9_acss_bw_cg_hndkitq_md1_w?node=11434996011&ref=q2_cups_mugs&pf_rd_m=ATVPDKIKX0DER&pf_rd_s=merchandised-search-2&pf_rd_r=9SYJKHF508VPKXV34X1C&pf_rd_t=101&pf_rd_p=25208e39-6c3c-4ce5-aca0-efd5bcb0420c&pf_rd_i=11434959011,https://www.amazon.com/s?rh=n%3A11260432011%2Cn%3A%2111260433011%2Cn%3A11403478011%2Cn%3A11434959011%2Cn%3A11434995011%2Cn%3A11434996011&page=2&qid=1576182822&ref=lp_11434996011_pg_2
amazon,Kitchen & Dining,Cookware,,https://www.amazon.com/b/ref=s9_acss_bw_cg_hndkitq_md1_w?node=11434972011&ref=q2_cookware&pf_rd_m=ATVPDKIKX0DER&pf_rd_s=merchandised-search-2&pf_rd_r=9SYJKHF508VPKXV34X1C&pf_rd_t=101&pf_rd_p=25208e39-6c3c-4ce5-aca0-efd5bcb0420c&pf_rd_i=11434959011,https://www.amazon.com/s?rh=n%3A11260432011%2Cn%3A%2111260433011%2Cn%3A11403478011%2Cn%3A11434959011%2Cn%3A11434972011&page=2&qid=1576182865&ref=lp_11434972011_pg_2
amazon,Kitchen & Dining,Kitchen Linen,,https://www.amazon.com/b/ref=s9_acss_bw_cg_hndkitq_md1_w?node=11434973011&r&ref=kitchlinen&pf_rd_m=ATVPDKIKX0DER&pf_rd_s=merchandised-search-2&pf_rd_r=9SYJKHF508VPKXV34X1C&pf_rd_t=101&pf_rd_p=25208e39-6c3c-4ce5-aca0-efd5bcb0420c&pf_rd_i=11434959011,https://www.amazon.com/s?rh=n%3A11260432011%2Cn%3A%2111260433011%2Cn%3A11403478011%2Cn%3A11434959011%2Cn%3A11434973011&page=2&qid=1576182915&ref=lp_11434973011_pg_2
amazon,Kitchen & Dining,Tableware,,https://www.amazon.com/b/ref=s9_acss_bw_cg_hndkitq_md1_w?node=11434995011&ref=q2_bakeware&pf_rd_m=ATVPDKIKX0DER&pf_rd_s=merchandised-search-2&pf_rd_r=9SYJKHF508VPKXV34X1C&pf_rd_t=101&pf_rd_p=25208e39-6c3c-4ce5-aca0-efd5bcb0420c&pf_rd_i=11434959011,https://www.amazon.com/s?rh=n%3A11260432011%2Cn%3A%2111260433011%2Cn%3A11403478011%2Cn%3A11434959011%2Cn%3A11434995011&page=2&qid=1576183000&ref=lp_11434995011_pg_2
amazon,Kitchen & Dining,Cutting Boards,,https://www.amazon.com/b/ref=s9_acss_bw_cg_hndkitq_md1_w?node=11434989011&ref=q2_cutboard&pf_rd_m=ATVPDKIKX0DER&pf_rd_s=merchandised-search-2&pf_rd_r=9SYJKHF508VPKXV34X1C&pf_rd_t=101&pf_rd_p=25208e39-6c3c-4ce5-aca0-efd5bcb0420c&pf_rd_i=11434959011,https://www.amazon.com/s?rh=n%3A11260432011%2Cn%3A%2111260433011%2Cn%3A11403478011%2Cn%3A11434959011%2Cn%3A11434982011%2Cn%3A11434989011&page=2&qid=1576183100&ref=lp_11434989011_pg_2
amazon,Kitchen & Dining,Containers & Storage,,https://www.amazon.com/b/ref=s9_acss_bw_cg_hndkitq_md1_w?node=11434968011&ref=q2_contstor&pf_rd_m=ATVPDKIKX0DER&pf_rd_s=merchandised-search-2&pf_rd_r=9SYJKHF508VPKXV34X1C&pf_rd_t=101&pf_rd_p=25208e39-6c3c-4ce5-aca0-efd5bcb0420c&pf_rd_i=11434959011,https://www.amazon.com/s?rh=n%3A11260432011%2Cn%3A%2111260433011%2Cn%3A11403478011%2Cn%3A11434959011%2Cn%3A11434968011&page=2&qid=1576183140&ref=lp_11434968011_pg_2
amazon,Kitchen & Dining,Barware,,https://www.amazon.com/b/ref=s9_acss_bw_cg_hndkitq_md1_w?node=11434983011&ref=q2_barware&pf_rd_m=ATVPDKIKX0DER&pf_rd_s=merchandised-search-2&pf_rd_r=9SYJKHF508VPKXV34X1C&pf_rd_t=101&pf_rd_p=25208e39-6c3c-4ce5-aca0-efd5bcb0420c&pf_rd_i=11434959011,https://www.amazon.com/s?rh=n%3A11260432011%2Cn%3A%2111260433011%2Cn%3A11403478011%2Cn%3A11434959011%2Cn%3A11434982011%2Cn%3A11434983011&page=2&qid=1576183193&ref=lp_11434983011_pg_2
amazon,Beauty & Grooming,Soap,,https://www.amazon.com/s?i=handmade&rh=n%3A11260432011%2Cn%3A11260433011%2Cn%3A11403472011%2Cn%3A15970391011%2Cn%3A15970393011%2Cn%3A15970399011&qid=1576183386&ref=sr_pg_1,https://www.amazon.com/s?rh=n%3A11260432011%2Cn%3A%2111260433011%2Cn%3A11403472011%2Cn%3A15970391011%2Cn%3A15970393011%2Cn%3A15970399011&page=2&qid=1576183398&ref=lp_15970399011_pg_2
amazon,Beauty & Grooming,Lotions & Moisturizers,,https://www.amazon.com/b/ref=s9_acss_bw_cg_hndbeaq_md1_w?node=19205550011&ref=q2_lotmoi&pf_rd_m=ATVPDKIKX0DER&pf_rd_s=merchandised-search-2&pf_rd_r=85JPCTZJJV7MKQXKJ2CK&pf_rd_t=101&pf_rd_p=d4f63e14-2778-43b9-a235-60d3d2073f4d&pf_rd_i=11403472011,https://www.amazon.com/s?rh=n%3A11260432011%2Cn%3A%2111260437011%2Cn%3A%2111260439011%2Cn%3A19205550011&page=2&qid=1576183417&ref=lp_19205550011_pg_2
amazon,Beauty & Grooming,Bath Bombs,,https://www.amazon.com/b/ref=s9_acss_bw_cg_hndbeaq_md1_w?node=15970304011&ref=q2_bathb&pf_rd_m=ATVPDKIKX0DER&pf_rd_s=merchandised-search-2&pf_rd_r=85JPCTZJJV7MKQXKJ2CK&pf_rd_t=101&pf_rd_p=d4f63e14-2778-43b9-a235-60d3d2073f4d&pf_rd_i=11403472011,https://www.amazon.com/s?rh=n%3A11260432011%2Cn%3A%2111260433011%2Cn%3A19530416011%2Cn%3A15970298011%2Cn%3A15970300011%2Cn%3A15970302011%2Cn%3A15970304011&page=2&qid=1576183430&ref=lp_15970304011_pg_2
amazon,Beauty & Grooming,Cosmetic Bags & Accessories,,https://www.amazon.com/b/ref=s9_acss_bw_cg_hndbeaq_md1_w?node=15970504011&ref=q2_cosbag&pf_rd_m=ATVPDKIKX0DER&pf_rd_s=merchandised-search-2&pf_rd_r=85JPCTZJJV7MKQXKJ2CK&pf_rd_t=101&pf_rd_p=d4f63e14-2778-43b9-a235-60d3d2073f4d&pf_rd_i=11403472011,https://www.amazon.com/s?rh=n%3A11260432011%2Cn%3A%2111260433011%2Cn%3A11403472011%2Cn%3A15970504011&page=2&qid=1576183430&ref=lp_15970504011_pg_2
amazon,Beauty & Grooming,Lip Balms,,https://www.amazon.com/s?k=lip+balm&rh=n%3A11403472011&pf_rd_i=11403472011&pf_rd_m=ATVPDKIKX0DER&pf_rd_p=d4f63e14-2778-43b9-a235-60d3d2073f4d&pf_rd_r=85JPCTZJJV7MKQXKJ2CK&pf_rd_s=merchandised-search-2&pf_rd_t=101&ref=q2_lipb,https://www.amazon.com/s?k=lip+balm&i=handmade&rh=n%3A11403472011&page=2&pf_rd_i=11403472011&pf_rd_m=ATVPDKIKX0DER&pf_rd_p=d4f63e14-2778-43b9-a235-60d3d2073f4d&pf_rd_r=85JPCTZJJV7MKQXKJ2CK&pf_rd_s=merchandised-search-2&pf_rd_t=101&qid=1576183684&ref=sr_pg_2
amazon,Beauty & Grooming,Bath Salts,,https://www.amazon.com/b/ref=s9_acss_bw_cg_hndbeaq_md1_w?node=15970312011&ref=q2_bathsal&pf_rd_m=ATVPDKIKX0DER&pf_rd_s=merchandised-search-2&pf_rd_r=85JPCTZJJV7MKQXKJ2CK&pf_rd_t=101&pf_rd_p=d4f63e14-2778-43b9-a235-60d3d2073f4d&pf_rd_i=11403472011,https://www.amazon.com/s?rh=n%3A11260432011%2Cn%3A%2111260433011%2Cn%3A19530416011%2Cn%3A15970298011%2Cn%3A15970300011%2Cn%3A15970302011%2Cn%3A15970312011&page=2&qid=1576183435&ref=lp_15970312011_pg_2
amazon,Beauty & Grooming,Loofahs & Sponges,,https://www.amazon.com/b/ref=s9_acss_bw_cg_hndbeaq_md1_w?node=15970323011&ref=q2_loof&pf_rd_m=ATVPDKIKX0DER&pf_rd_s=merchandised-search-2&pf_rd_r=85JPCTZJJV7MKQXKJ2CK&pf_rd_t=101&pf_rd_p=d4f63e14-2778-43b9-a235-60d3d2073f4d&pf_rd_i=11403472011,https://www.amazon.com/s?rh=n%3A11260432011%2Cn%3A%2111260433011%2Cn%3A19530416011%2Cn%3A15970298011%2Cn%3A15970300011%2Cn%3A15970316011%2Cn%3A15970323011&page=2&qid=1576183435&ref=lp_15970323011_pg_2
amazon,Beauty & Grooming,Beauty Sets,,https://www.amazon.com/s?k=beauty+gift+sets&i=handmade&pf_rd_i=11403472011&pf_rd_m=ATVPDKIKX0DER&pf_rd_p=d4f63e14-2778-43b9-a235-60d3d2073f4d&pf_rd_r=85JPCTZJJV7MKQXKJ2CK&pf_rd_s=merchandised-search-2&pf_rd_t=101&ref=q2_beagifset,https://www.amazon.com/s?k=beauty+gift+sets&i=handmade&page=2&pf_rd_i=11403472011&pf_rd_m=ATVPDKIKX0DER&pf_rd_p=d4f63e14-2778-43b9-a235-60d3d2073f4d&pf_rd_r=85JPCTZJJV7MKQXKJ2CK&pf_rd_s=merchandised-search-2&pf_rd_t=101&qid=1576183436&ref=sr_pg_2
amazon,Handbags & Totes,Cross-body Bags,,https://www.amazon.com/b/ref=s9_acss_bw_cg_hndhbtq_md1_w?node=14344554011&ref=q2_xbody&pf_rd_m=ATVPDKIKX0DER&pf_rd_s=merchandised-search-2&pf_rd_r=6F006Z2TWTQ264GXSQWW&pf_rd_t=101&pf_rd_p=d3ff5b78-6c74-4946-a7ae-8104f15d8254&pf_rd_i=14344548011,https://www.amazon.com/s?rh=n%3A11260432011%2Cn%3A%2111260433011%2Cn%3A17714704011%2Cn%3A14344548011%2Cn%3A14344554011&page=2&qid=1576183853&ref=lp_14344554011_pg_2
amazon,Handbags & Totes,Totes,,https://www.amazon.com/b/ref=s9_acss_bw_cg_hndhbtq_md1_w?node=14344558011&ref=q2_totes&pf_rd_m=ATVPDKIKX0DER&pf_rd_s=merchandised-search-2&pf_rd_r=6F006Z2TWTQ264GXSQWW&pf_rd_t=101&pf_rd_p=d3ff5b78-6c74-4946-a7ae-8104f15d8254&pf_rd_i=14344548011,https://www.amazon.com/s?rh=n%3A11260432011%2Cn%3A%2111260433011%2Cn%3A17714704011%2Cn%3A14344548011%2Cn%3A14344558011&page=2&qid=1576183853&ref=lp_14344558011_pg_2
amazon,Handbags & Totes,Wallets & Clutches,,https://www.amazon.com/b/ref=s9_acss_bw_cg_hndhbtq_md1_w?node=14344553011&ref=q2_walclutch&pf_rd_m=ATVPDKIKX0DER&pf_rd_s=merchandised-search-2&pf_rd_r=6F006Z2TWTQ264GXSQWW&pf_rd_t=101&pf_rd_p=d3ff5b78-6c74-4946-a7ae-8104f15d8254&pf_rd_i=14344548011,https://www.amazon.com/s?rh=n%3A11260432011%2Cn%3A%2111260433011%2Cn%3A17714704011%2Cn%3A14344548011%2Cn%3A14344553011&page=2&qid=1576183854&ref=lp_14344553011_pg_2
amazon,Handbags & Totes,Backpacks,,https://www.amazon.com/b/ref=s9_acss_bw_cg_hndhbtq_md1_w?node=14344549011&ref=q2_bp&pf_rd_m=ATVPDKIKX0DER&pf_rd_s=merchandised-search-2&pf_rd_r=6F006Z2TWTQ264GXSQWW&pf_rd_t=101&pf_rd_p=d3ff5b78-6c74-4946-a7ae-8104f15d8254&pf_rd_i=14344548011,https://www.amazon.com/s?rh=n%3A11260432011%2Cn%3A%2111260433011%2Cn%3A17714704011%2Cn%3A14344548011%2Cn%3A14344549011&page=2&qid=1576183854&ref=lp_14344549011_pg_2
amazon,Stationery & Party Supplies,Invitations,,https://www.amazon.com/b/ref=s9_acss_bw_cg_hndspq2_md1_w?node=11435485011&ref=q2_invitations&pf_rd_m=ATVPDKIKX0DER&pf_rd_s=merchandised-search-2&pf_rd_r=RZZ0ENT1F0S5B91B35KX&pf_rd_t=101&pf_rd_p=3175c4e3-a77a-4f6e-87fe-7ca48c81c8d7&pf_rd_i=11435470011,https://www.amazon.com/s?rh=n%3A11260432011%2Cn%3A%2111260433011%2Cn%3A11435470011%2Cn%3A11435484011%2Cn%3A11435485011&page=2&qid=1576184593&ref=lp_11435485011_pg_2
amazon,Stationery & Party Supplies,Notecards & Greeting Cards,,https://www.amazon.com/b/ref=s9_acss_bw_cg_hndspq2_md1_w?node=11435486011&ref=q2_ncgc&pf_rd_m=ATVPDKIKX0DER&pf_rd_s=merchandised-search-2&pf_rd_r=RZZ0ENT1F0S5B91B35KX&pf_rd_t=101&pf_rd_p=3175c4e3-a77a-4f6e-87fe-7ca48c81c8d7&pf_rd_i=11435470011,https://www.amazon.com/s?rh=n%3A11260432011%2Cn%3A%2111260433011%2Cn%3A11435470011%2Cn%3A11435484011%2Cn%3A11435486011&page=2&qid=1576184635&ref=lp_11435486011_pg_2
amazon,Stationery & Party Supplies,Calendars & Planners,,https://www.amazon.com/b/ref=s9_acss_bw_cg_hndspq2_md1_w?node=13542491011&ref=q2_cal_plan&pf_rd_m=ATVPDKIKX0DER&pf_rd_s=merchandised-search-2&pf_rd_r=RZZ0ENT1F0S5B91B35KX&pf_rd_t=101&pf_rd_p=3175c4e3-a77a-4f6e-87fe-7ca48c81c8d7&pf_rd_i=11435470011,https://www.amazon.com/s?rh=n%3A11260432011%2Cn%3A%2111260433011%2Cn%3A11435470011%2Cn%3A11435484011%2Cn%3A13542491011&page=2&qid=1576184638&ref=lp_13542491011_pg_2
amazon,Stationery & Party Supplies,Decorations,,https://www.amazon.com/b/ref=s9_acss_bw_cg_hndspq2_md1_w?node=11435473011&ref=q2_decorations&pf_rd_m=ATVPDKIKX0DER&pf_rd_s=merchandised-search-2&pf_rd_r=RZZ0ENT1F0S5B91B35KX&pf_rd_t=101&pf_rd_p=3175c4e3-a77a-4f6e-87fe-7ca48c81c8d7&pf_rd_i=11435470011,https://www.amazon.com/s?rh=n%3A11260432011%2Cn%3A%2111260433011%2Cn%3A11435470011%2Cn%3A11435471011%2Cn%3A11435473011&page=2&qid=1576184639&ref=lp_11435473011_pg_2
amazon,Stationery & Party Supplies,Party Favors,,https://www.amazon.com/b/ref=s9_acss_bw_cg_hndspq2_md1_w?node=11435476011&ref=q2_partfav&pf_rd_m=ATVPDKIKX0DER&pf_rd_s=merchandised-search-2&pf_rd_r=RZZ0ENT1F0S5B91B35KX&pf_rd_t=101&pf_rd_p=3175c4e3-a77a-4f6e-87fe-7ca48c81c8d7&pf_rd_i=11435470011,https://www.amazon.com/s?rh=n%3A11260432011%2Cn%3A%2111260433011%2Cn%3A11435470011%2Cn%3A11435471011%2Cn%3A11435476011&page=2&qid=1576184640&ref=lp_11435476011_pg_2
amazon,Stationery & Party Supplies,Personalized Stationery,,https://www.amazon.com/s?k=personalized+stationery&i=handmade&pf_rd_i=11435470011&pf_rd_m=ATVPDKIKX0DER&pf_rd_p=3175c4e3-a77a-4f6e-87fe-7ca48c81c8d7&pf_rd_r=RZZ0ENT1F0S5B91B35KX&pf_rd_s=merchandised-search-2&pf_rd_t=101&ref=q2_pers_stat,https://www.amazon.com/s?k=personalized+stationery&i=handmade&page=2&pf_rd_i=11435470011&pf_rd_m=ATVPDKIKX0DER&pf_rd_p=3175c4e3-a77a-4f6e-87fe-7ca48c81c8d7&pf_rd_r=RZZ0ENT1F0S5B91B35KX&pf_rd_s=merchandised-search-2&pf_rd_t=101&qid=1576184641&ref=sr_pg_2
amazon,Clothing & Shoes & Accessories,Women,,https://www.amazon.com/b/ref=s9_acss_bw_cg_hndclq2_md1_w?node=17714783011&ref=q2_wom&pf_rd_m=ATVPDKIKX0DER&pf_rd_s=merchandised-search-3&pf_rd_r=WKJYA93XPF2WM0M46550&pf_rd_t=101&pf_rd_p=5fca498b-724c-4128-84b1-2d93986f7804&pf_rd_i=17714704011,https://www.amazon.com/s?rh=n%3A11260432011%2Cn%3A%2111260433011%2Cn%3A17714704011%2Cn%3A17714783011&page=2&qid=1576185119&ref=lp_17714783011_pg_2
amazon,Clothing & Shoes & Accessories,Men,,https://www.amazon.com/b/ref=s9_acss_bw_cg_hndclq2_md1_w?node=17714749011&ref=q2_men&pf_rd_m=ATVPDKIKX0DER&pf_rd_s=merchandised-search-3&pf_rd_r=WKJYA93XPF2WM0M46550&pf_rd_t=101&pf_rd_p=5fca498b-724c-4128-84b1-2d93986f7804&pf_rd_i=17714704011,https://www.amazon.com/s?rh=n%3A11260432011%2Cn%3A%2111260433011%2Cn%3A17714704011%2Cn%3A17714749011&page=2&qid=1576185119&ref=lp_17714749011_pg_2
amazon,Clothing & Shoes & Accessories,Accessories,,https://www.amazon.com/b/ref=s9_acss_bw_cg_hndclq2_md1_w?node=19195822011&ref=q2_cal_plan&pf_rd_m=ATVPDKIKX0DER&pf_rd_s=merchandised-search-3&pf_rd_r=WKJYA93XPF2WM0M46550&pf_rd_t=101&pf_rd_p=5fca498b-724c-4128-84b1-2d93986f7804&pf_rd_i=17714704011,https://www.amazon.com/s?rh=n%3A11260432011%2Cn%3A%2111260437011%2Cn%3A%2111260439011%2Cn%3A19195822011&page=2&qid=1576185120&ref=lp_19195822011_pg_2
amazon,Clothing & Shoes & Accessories,Shoes,,https://www.amazon.com/b/ref=s9_acss_bw_cg_hndclq2_md1_w?node=19195823011&ref=q2_shoes&pf_rd_m=ATVPDKIKX0DER&pf_rd_s=merchandised-search-3&pf_rd_r=WKJYA93XPF2WM0M46550&pf_rd_t=101&pf_rd_p=5fca498b-724c-4128-84b1-2d93986f7804&pf_rd_i=17714704011,https://www.amazon.com/s?rh=n%3A11260432011%2Cn%3A%2111260437011%2Cn%3A%2111260439011%2Cn%3A19195823011&page=2&qid=1576185120&ref=lp_19195823011_pg_2
amazon,Clothing & Shoes & Accessories,Girls,,https://www.amazon.com/b/ref=s9_acss_bw_cg_hndclq2_md1_w?node=17714734011&ref=q2_girls&pf_rd_m=ATVPDKIKX0DER&pf_rd_s=merchandised-search-3&pf_rd_r=WKJYA93XPF2WM0M46550&pf_rd_t=101&pf_rd_p=5fca498b-724c-4128-84b1-2d93986f7804&pf_rd_i=17714704011,https://www.amazon.com/s?rh=n%3A11260432011%2Cn%3A%2111260433011%2Cn%3A17714704011%2Cn%3A17714734011&page=2&qid=1576185121&ref=lp_17714734011_pg_2
amazon,Clothing & Shoes & Accessories,Boys,,https://www.amazon.com/b/ref=s9_acss_bw_cg_hndclq2_md1_w?node=17714716011&ref=q2_pers_stat&pf_rd_m=ATVPDKIKX0DER&pf_rd_s=merchandised-search-3&pf_rd_r=WKJYA93XPF2WM0M46550&pf_rd_t=101&pf_rd_p=5fca498b-724c-4128-84b1-2d93986f7804&pf_rd_i=17714704011,https://www.amazon.com/s?rh=n%3A11260432011%2Cn%3A%2111260433011%2Cn%3A17714704011%2Cn%3A17714716011&page=2&qid=1576185121&ref=lp_17714716011_pg_2
amazon,Toys & Games,Baby & Toddler Toys,,https://www.amazon.com/b/ref=s9_acss_bw_cg_hndtgq2_md1_w?node=14351279011&ref=q2_babytod&pf_rd_m=ATVPDKIKX0DER&pf_rd_s=merchandised-search-2&pf_rd_r=KYAVDCD56PSAVJ6RCJRP&pf_rd_t=101&pf_rd_p=113e7608-e747-4a73-bdc0-ab171228b597&pf_rd_i=11403495011,https://www.amazon.com/s?rh=n%3A11260432011%2Cn%3A%2111260433011%2Cn%3A11403495011%2Cn%3A14351279011&page=2&qid=1576185567&ref=lp_14351279011_pg_2
amazon,Toys & Games,Stuffed Animals,,https://www.amazon.com/b/ref=s9_acss_bw_cg_hndtgq2_md1_w?node=14351334011&ref=q2_stuffedan&pf_rd_m=ATVPDKIKX0DER&pf_rd_s=merchandised-search-2&pf_rd_r=KYAVDCD56PSAVJ6RCJRP&pf_rd_t=101&pf_rd_p=113e7608-e747-4a73-bdc0-ab171228b597&pf_rd_i=11403495011,https://www.amazon.com/s?rh=n%3A11260432011%2Cn%3A%2111260433011%2Cn%3A11403495011%2Cn%3A14351334011&page=2&qid=1576185569&ref=lp_14351334011_pg_2
amazon,Toys & Games,Puppets,,https://www.amazon.com/b/ref=s9_acss_bw_cg_hndtgq2_md1_w?node=14351336011&ref=q2_puppets&pf_rd_m=ATVPDKIKX0DER&pf_rd_s=merchandised-search-2&pf_rd_r=KYAVDCD56PSAVJ6RCJRP&pf_rd_t=101&pf_rd_p=113e7608-e747-4a73-bdc0-ab171228b597&pf_rd_i=11403495011,https://www.amazon.com/s?rh=n%3A11260432011%2Cn%3A%2111260433011%2Cn%3A11403495011%2Cn%3A14351336011&page=2&qid=1576185570&ref=lp_14351336011_pg_2
amazon,Toys & Games,Puzzles,,https://www.amazon.com/b/ref=s9_acss_bw_cg_hndtgq2_md1_w?node=14351341011&ref=q2_puzzles&pf_rd_m=ATVPDKIKX0DER&pf_rd_s=merchandised-search-2&pf_rd_r=KYAVDCD56PSAVJ6RCJRP&pf_rd_t=101&pf_rd_p=113e7608-e747-4a73-bdc0-ab171228b597&pf_rd_i=11403495011,https://www.amazon.com/s?rh=n%3A11260432011%2Cn%3A%2111260433011%2Cn%3A11403495011%2Cn%3A14351341011&page=2&qid=1576185570&ref=lp_14351341011_pg_2
amazon,Toys & Games,Pretend Play,,https://www.amazon.com/b/ref=s9_acss_bw_cg_hndtgq2_md1_w?node=14351335011&ref=q2_preplay&pf_rd_m=ATVPDKIKX0DER&pf_rd_s=merchandised-search-2&pf_rd_r=KYAVDCD56PSAVJ6RCJRP&pf_rd_t=101&pf_rd_p=113e7608-e747-4a73-bdc0-ab171228b597&pf_rd_i=11403495011,https://www.amazon.com/s?rh=n%3A11260432011%2Cn%3A%2111260433011%2Cn%3A11403495011%2Cn%3A14351335011&page=2&qid=1576185571&ref=lp_14351335011_pg_2
amazon,Toys & Games,Novelty Toys,,https://www.amazon.com/b/ref=s9_acss_bw_cg_hndtgq2_md1_w?node=14351320011&ref=q2_novtoys&pf_rd_m=ATVPDKIKX0DER&pf_rd_s=merchandised-search-2&pf_rd_r=KYAVDCD56PSAVJ6RCJRP&pf_rd_t=101&pf_rd_p=113e7608-e747-4a73-bdc0-ab171228b597&pf_rd_i=11403495011,https://www.amazon.com/s?rh=n%3A11260432011%2Cn%3A%2111260433011%2Cn%3A11403495011%2Cn%3A14351320011&page=2&qid=1576185571&ref=lp_14351320011_pg_2
amazon,Toys & Games,Dolls & Accessories,,https://www.amazon.com/b/ref=s9_acss_bw_cg_hndtgq2_md1_w?node=14351291011&ref=q2_dolls&pf_rd_m=ATVPDKIKX0DER&pf_rd_s=merchandised-search-2&pf_rd_r=KYAVDCD56PSAVJ6RCJRP&pf_rd_t=101&pf_rd_p=113e7608-e747-4a73-bdc0-ab171228b597&pf_rd_i=11403495011,https://www.amazon.com/s?rh=n%3A11260432011%2Cn%3A%2111260433011%2Cn%3A11403495011%2Cn%3A14351291011&page=2&qid=1576185572&ref=lp_14351291011_pg_2
amazon,Toys & Games,Lawn Games,,https://www.amazon.com/b/ref=s9_acss_bw_cg_hndtgq2_md1_w?node=14351342011&ref=q2_lawnga&pf_rd_m=ATVPDKIKX0DER&pf_rd_s=merchandised-search-2&pf_rd_r=KYAVDCD56PSAVJ6RCJRP&pf_rd_t=101&pf_rd_p=113e7608-e747-4a73-bdc0-ab171228b597&pf_rd_i=11403495011,https://www.amazon.com/s?rh=n%3A11260432011%2Cn%3A%2111260433011%2Cn%3A11403495011%2Cn%3A14351342011&page=2&qid=1576185572&ref=lp_14351342011_pg_2
etsy,Toys,Dolls & Action Figures,Doll Clothing,https://www.etsy.com/c/handmade/toys-and-games/toys/dolls-and-action-figures/doll-clothing?explicit=1,https://www.etsy.com/c/handmade/toys-and-games/toys/dolls-and-action-figures/doll-clothing?explicit=1&ref=pagination&page=2
etsy,Toys,Dolls & Action Figures,Dolls,https://www.etsy.com/c/handmade/toys-and-games/toys/dolls-and-action-figures/dolls?explicit=1,https://www.etsy.com/c/handmade/toys-and-games/toys/dolls-and-action-figures/dolls?explicit=1&ref=pagination&page=2
etsy,Toys,Dolls & Action Figures,Action Figures,https://www.etsy.com/c/handmade/toys-and-games/toys/dolls-and-action-figures/action-figures?explicit=1,https://www.etsy.com/c/handmade/toys-and-games/toys/dolls-and-action-figures/action-figures?explicit=1&ref=pagination&page=2
etsy,Toys,Dolls & Action Figures,Animals,https://www.etsy.com/c/handmade/toys-and-games/toys/dolls-and-action-figures/animals?explicit=1,https://www.etsy.com/c/handmade/toys-and-games/toys/dolls-and-action-figures/animals?explicit=1&ref=pagination&page=2
etsy,Toys,Stuffed Animals & Plushies,,https://www.etsy.com/c/handmade/toys-and-games/toys/stuffed-animals-and-plushies?explicit=1,https://www.etsy.com/c/handmade/toys-and-games/toys/stuffed-animals-and-plushies?explicit=1&ref=pagination&page=2
etsy,Toys,Miniature Toys,,https://www.etsy.com/c/handmade/toys-and-games/toys/miniature-toys?explicit=1,https://www.etsy.com/c/handmade/toys-and-games/toys/miniature-toys?explicit=1&ref=pagination&page=2
etsy,Toys,Push & Pull Toys,,https://www.etsy.com/c/handmade/toys-and-games/toys/push-and-pull-toys?explicit=1,https://www.etsy.com/c/handmade/toys-and-games/toys/push-and-pull-toys?explicit=1&ref=pagination&page=2
etsy,Toys,Stress Balls & Desk Toys,,https://www.etsy.com/c/handmade/toys-and-games/toys/stress-balls-and-desk-toys?explicit=1&ref=pagination&page=2,https://www.etsy.com/c/handmade/toys-and-games/toys/stress-balls-and-desk-toys?explicit=1&ref=pagination&page=2
etsy,Toys,Puppets,,https://www.etsy.com/c/handmade/toys-and-games/toys/puppets?explicit=1,https://www.etsy.com/c/handmade/toys-and-games/toys/puppets?explicit=1&ref=pagination&page=2
etsy,Toys,Ride On & Rocking Toys,,https://www.etsy.com/c/handmade/toys-and-games/toys/ride-on-and-rocking-toys?explicit=1,https://www.etsy.com/c/handmade/toys-and-games/toys/ride-on-and-rocking-toys?explicit=1&ref=pagination&page=2
etsy,Toys,Baby & Toddler Toys,,https://www.etsy.com/c/handmade/toys-and-games/toys/baby-and-toddler-toys?explicit=1,https://www.etsy.com/c/handmade/toys-and-games/toys/baby-and-toddler-toys?explicit=1&ref=pagination&page=2
etsy,Games & Puzzles,Pretend Play,,https://www.etsy.com/c/handmade/toys-and-games/toys/pretend-play?explicit=1,https://www.etsy.com/c/handmade/toys-and-games/toys/pretend-play?explicit=1&ref=pagination&page=2
etsy,Games & Puzzles,Board Games,,https://www.etsy.com/c/handmade/toys-and-games/games-and-puzzles/board-games?explicit=1,https://www.etsy.com/c/handmade/toys-and-games/games-and-puzzles/board-games?explicit=1&ref=pagination&page=2
etsy,Games & Puzzles,Puzzles,,https://www.etsy.com/c/handmade/toys-and-games/games-and-puzzles/puzzles?explicit=1,https://www.etsy.com/c/handmade/toys-and-games/games-and-puzzles/puzzles?explicit=1&ref=pagination&page=2
etsy,Games & Puzzles,Dice & Tile Games,,https://www.etsy.com/c/handmade/toys-and-games/games-and-puzzles/dice-and-tile-games?explicit=1&ref=pagination&page=1,https://www.etsy.com/c/handmade/toys-and-games/games-and-puzzles/dice-and-tile-games?explicit=1&ref=pagination&page=2
etsy,Games & Puzzles,Game Room,,https://www.etsy.com/c/handmade/toys-and-games/games-and-puzzles/game-room?explicit=1,https://www.etsy.com/c/handmade/toys-and-games/games-and-puzzles/game-room?explicit=1&ref=pagination&page=2
etsy,Games & Puzzles,Video Games,,https://www.etsy.com/c/handmade/toys-and-games/games-and-puzzles/video-games?explicit=1,https://www.etsy.com/c/handmade/toys-and-games/games-and-puzzles/video-games?explicit=1&ref=pagination&page=2
etsy,Games & Puzzles,Card Games,,https://www.etsy.com/c/handmade/toys-and-games/games-and-puzzles/card-games?explicit=1,https://www.etsy.com/c/handmade/toys-and-games/games-and-puzzles/card-games?explicit=1&ref=pagination&page=2
etsy,Games & Puzzles,Role Playing Games,,https://www.etsy.com/c/handmade/toys-and-games/games-and-puzzles/role-playing-games?explicit=1,https://www.etsy.com/c/handmade/toys-and-games/games-and-puzzles/role-playing-games?explicit=1&ref=pagination&page=2
etsy,Games & Puzzles,Game Pieces,,https://www.etsy.com/c/handmade/toys-and-games/games-and-puzzles/game-pieces?explicit=1,https://www.etsy.com/c/handmade/toys-and-games/games-and-puzzles/game-pieces?explicit=1&ref=pagination&page=2
etsy,Games & Puzzles,Marbles,,https://www.etsy.com/c/handmade/toys-and-games/games-and-puzzles/marbles?explicit=1,https://www.etsy.com/c/handmade/toys-and-games/games-and-puzzles/marbles?explicit=1&ref=pagination&page=2
etsy,Sports & Outdoor Recreation,,,https://www.etsy.com/c/handmade/toys-and-games/sports-and-outdoor-games?explicit=1,https://www.etsy.com/c/handmade/toys-and-games/sports-and-outdoor-games?explicit=1&ref=pagination&page=2
etsy,Electronics Cases,Camera Bags & Cases,,https://www.etsy.com/c/handmade/electronics-and-accessories/electronics-cases/camera-bags-and-cases?explicit=1,https://www.etsy.com/c/handmade/electronics-and-accessories/electronics-cases/camera-bags-and-cases?explicit=1&ref=pagination&page=2
etsy,Electronics Cases,Phone Cases,,https://www.etsy.com/c/handmade/electronics-and-accessories/electronics-cases/phone-cases?explicit=1,https://www.etsy.com/c/handmade/electronics-and-accessories/electronics-cases/phone-cases?explicit=1&ref=pagination&page=2
etsy,Electronics Cases,Laptop Sleeves,,https://www.etsy.com/c/handmade/electronics-and-accessories/electronics-cases/laptop-sleeves?explicit=1,https://www.etsy.com/c/handmade/electronics-and-accessories/electronics-cases/laptop-sleeves?explicit=1&ref=pagination&page=2
etsy,Electronics Cases,Tablet & E-Reader Cases,,https://www.etsy.com/c/handmade/electronics-and-accessories/electronics-cases/tablet-and-reader-cases?explicit=1,https://www.etsy.com/c/handmade/electronics-and-accessories/electronics-cases/tablet-and-reader-cases?explicit=1&ref=pagination&page=2
etsy,Electronics Cases,Laptop Skins,,https://www.etsy.com/c/handmade/electronics-and-accessories/electronics-cases/laptop-skins?explicit=1,https://www.etsy.com/c/handmade/electronics-and-accessories/electronics-cases/laptop-skins?explicit=1&ref=pagination&page=2
etsy,Electronics Cases,Laptop Bags,,https://www.etsy.com/c/handmade/electronics-and-accessories/electronics-cases/laptop-bags?explicit=1,https://www.etsy.com/c/handmade/electronics-and-accessories/electronics-cases/laptop-bags?explicit=1&ref=pagination&page=2
etsy,Electronics Cases,Phone Skins,,https://www.etsy.com/c/handmade/electronics-and-accessories/electronics-cases/phone-skins?explicit=1,https://www.etsy.com/c/handmade/electronics-and-accessories/electronics-cases/phone-skins?explicit=1&ref=pagination&page=2
etsy,Electronics Cases,Tablet & E-Reader Skins,,https://www.etsy.com/c/handmade/electronics-and-accessories/electronics-cases/tablet-and-reader-skins?explicit=1,https://www.etsy.com/c/handmade/electronics-and-accessories/electronics-cases/tablet-and-reader-skins?explicit=1&ref=pagination&page=2
etsy,Decals & Skins,,,https://www.etsy.com/c/handmade/electronics-and-accessories/decals-and-skins?explicit=1,https://www.etsy.com/c/handmade/electronics-and-accessories/decals-and-skins?explicit=1&ref=pagination&page=2
etsy,Car Parts & Accessories,,,https://www.etsy.com/c/handmade/electronics-and-accessories/car-parts-and-accessories?explicit=1,https://www.etsy.com/c/handmade/electronics-and-accessories/car-parts-and-accessories?explicit=1&ref=pagination&page=2
etsy,Cameras,,,https://www.etsy.com/c/handmade/electronics-and-accessories/cameras?explicit=1,https://www.etsy.com/c/handmade/electronics-and-accessories/cameras?explicit=1&ref=pagination&page=2
etsy,Computers & Peripherals,,,https://www.etsy.com/c/handmade/electronics-and-accessories/computers-and-peripherals?explicit=1,https://www.etsy.com/c/handmade/electronics-and-accessories/computers-and-peripherals?explicit=1&ref=pagination&page=2
etsy,Cell Phone Accessories,,,https://www.etsy.com/c/handmade/electronics-and-accessories/cell-phone-accessories?explicit=1,https://www.etsy.com/c/handmade/electronics-and-accessories/cell-phone-accessories?explicit=1&ref=pagination&page=2
etsy,Audio,Headphones & Stands,,https://www.etsy.com/c/handmade/electronics-and-accessories/audio/headphones-and-stands?explicit=1,https://www.etsy.com/c/handmade/electronics-and-accessories/audio/headphones-and-stands?explicit=1&ref=pagination&page=2
etsy,Audio,Stereos & Home Audio,,https://www.etsy.com/c/handmade/electronics-and-accessories/audio/stereos-and-home-audio?explicit=1,https://www.etsy.com/c/handmade/electronics-and-accessories/audio/stereos-and-home-audio?explicit=1&ref=pagination&page=2
etsy,Audio,Boomboxes & Portable Audio,,https://www.etsy.com/c/handmade/electronics-and-accessories/audio/boomboxes-and-portable-audio?explicit=1,https://www.etsy.com/c/handmade/electronics-and-accessories/audio/boomboxes-and-portable-audio?explicit=1&ref=pagination&page=2
etsy,Audio,Record Players,,https://www.etsy.com/c/handmade/electronics-and-accessories/audio/record-players?explicit=1,https://www.etsy.com/c/handmade/electronics-and-accessories/audio/record-players?explicit=1&ref=pagination&page=2
etsy,Docking & Stands,Stands,,https://www.etsy.com/c/handmade/electronics-and-accessories/docking-and-stands/stands?explicit=1,https://www.etsy.com/c/handmade/electronics-and-accessories/docking-and-stands/stands?explicit=1&ref=pagination&page=2
etsy,Docking & Stands,Docking Stations,,https://www.etsy.com/c/handmade/electronics-and-accessories/docking-and-stands/docking-stations?explicit=1,https://www.etsy.com/c/handmade/electronics-and-accessories/docking-and-stands/docking-stations?explicit=1&ref=pagination&page=2
etsy,Docking & Stands,Laptop Trays & Stands,,https://www.etsy.com/c/handmade/electronics-and-accessories/docking-and-stands/laptop-trays-and-stands?explicit=1,https://www.etsy.com/c/handmade/electronics-and-accessories/docking-and-stands/laptop-trays-and-stands?explicit=1&ref=pagination&page=2
etsy,Maker Supplies,,,https://www.etsy.com/c/handmade/electronics-and-accessories/maker-supplies?explicit=1,https://www.etsy.com/c/handmade/electronics-and-accessories/maker-supplies?explicit=1&ref=pagination&page=2
etsy,Book Accessories,,,https://www.etsy.com/c/handmade/books-movies-and-music/books/book-accessories?explicit=1,https://www.etsy.com/c/handmade/books-movies-and-music/books/book-accessories?explicit=1&ref=pagination&page=2
etsy,Blank Books,,,https://www.etsy.com/c/handmade/books-movies-and-music/books/blank-books?explicit=1,https://www.etsy.com/c/handmade/books-movies-and-music/books/blank-books?explicit=1&ref=pagination&page=2
etsy,Children's Books,,,https://www.etsy.com/c/handmade/books-movies-and-music/books/childrens-books?explicit=1,https://www.etsy.com/c/handmade/books-movies-and-music/books/childrens-books?explicit=1&ref=pagination&page=2
etsy,Literature & Fiction,Literary Fiction,,https://www.etsy.com/c/handmade/books-movies-and-music/books/literature-and-fiction/literary-fiction?explicit=1,https://www.etsy.com/c/handmade/books-movies-and-music/books/literature-and-fiction/literary-fiction?explicit=1&ref=pagination&page=2
etsy,Literature & Fiction,Sci Fi & Fantasy,,https://www.etsy.com/c/handmade/books-movies-and-music/books/literature-and-fiction/sci-fi-and-fantasy?explicit=1,https://www.etsy.com/c/handmade/books-movies-and-music/books/literature-and-fiction/sci-fi-and-fantasy?explicit=1&ref=pagination&page=2
etsy,Literature & Fiction,Mystery & Thriller,,https://www.etsy.com/c/handmade/books-movies-and-music/books/literature-and-fiction/mystery-and-thriller?explicit=1,https://www.etsy.com/c/handmade/books-movies-and-music/books/literature-and-fiction/mystery-and-thriller?explicit=1&ref=pagination&page=2
etsy,Literature & Fiction,Horror,,https://www.etsy.com/c/handmade/books-movies-and-music/books/literature-and-fiction/horror?explicit=1,https://www.etsy.com/c/handmade/books-movies-and-music/books/literature-and-fiction/horror?explicit=1&ref=pagination&page=2
etsy,Calendars & Planners,,,https://www.etsy.com/c/handmade/books-movies-and-music/books/calendars-and-planners?explicit=1,https://www.etsy.com/c/handmade/books-movies-and-music/books/calendars-and-planners?explicit=1&ref=pagination&page=2
etsy,Art & Photography Books,,,https://www.etsy.com/c/handmade/books-movies-and-music/books/art-and-photography-books?explicit=1,https://www.etsy.com/c/handmade/books-movies-and-music/books/art-and-photography-books?explicit=1&ref=pagination&page=2
etsy,Comics & Graphic Novels,,,https://www.etsy.com/c/handmade/books-movies-and-music/books/comics-and-graphic-novels?explicit=1,https://www.etsy.com/c/handmade/books-movies-and-music/books/comics-and-graphic-novels?explicit=1&ref=pagination&page=2
etsy,Craft & Hobby Books,,,https://www.etsy.com/c/handmade/books-movies-and-music/books/craft-and-hobby-books?explicit=1,https://www.etsy.com/c/handmade/books-movies-and-music/books/craft-and-hobby-books?explicit=1&ref=pagination&page=2
etsy,Poetry Books,,,https://www.etsy.com/c/handmade/books-movies-and-music/books/poetry-books?explicit=1,https://www.etsy.com/c/handmade/books-movies-and-music/books/poetry-books?explicit=1&ref=pagination&page=2
etsy,Guides & How Tos,,,https://www.etsy.com/c/handmade/books-movies-and-music/books/guides-and-how-tos?explicit=1,https://www.etsy.com/c/handmade/books-movies-and-music/books/guides-and-how-tos?explicit=1&ref=pagination&page=2
etsy,Zines & Magazines,,,https://www.etsy.com/c/handmade/books-movies-and-music/books/zines-and-magazines?explicit=1,https://www.etsy.com/c/handmade/books-movies-and-music/books/zines-and-magazines?explicit=1&ref=pagination&page=2
etsy,Movies,,,https://www.etsy.com/c/handmade/books-movies-and-music/movies?explicit=1,https://www.etsy.com/c/handmade/books-movies-and-music/movies?explicit=1&ref=pagination&page=2
etsy,Music,,,https://www.etsy.com/c/handmade/books-movies-and-music/music?explicit=1,https://www.etsy.com/c/handmade/books-movies-and-music/music?explicit=1&ref=pagination&page=2
etsy,Instrument Straps,,,https://www.etsy.com/c/handmade/books-movies-and-music/music/instrument-straps?explicit=1,https://www.etsy.com/c/handmade/books-movies-and-music/music/instrument-straps?explicit=1&ref=pagination&page=2
etsy,Musical Instruments,Drums & Percussion,,https://www.etsy.com/c/handmade/books-movies-and-music/music/musical-instruments/drums-and-percussion?explicit=1,https://www.etsy.com/c/handmade/books-movies-and-music/music/musical-instruments/drums-and-percussion?explicit=1&ref=pagination&page=2
etsy,Musical Instruments,Synthesizers & Effects,,https://www.etsy.com/c/handmade/books-movies-and-music/music/musical-instruments/synthesizers-and-effects?explicit=1,https://www.etsy.com/c/handmade/books-movies-and-music/music/musical-instruments/synthesizers-and-effects?explicit=1&ref=pagination&page=2
etsy,Musical Instruments,Stringed Instruments,,https://www.etsy.com/c/handmade/books-movies-and-music/music/musical-instruments/stringed-instruments?explicit=1,https://www.etsy.com/c/handmade/books-movies-and-music/music/musical-instruments/stringed-instruments?explicit=1&ref=pagination&page=2
etsy,Musical Instruments,Woodwinds,,https://www.etsy.com/c/handmade/books-movies-and-music/music/musical-instruments/woodwinds?explicit=1,https://www.etsy.com/c/handmade/books-movies-and-music/music/musical-instruments/woodwinds?explicit=1&ref=pagination&page=2
etsy,Musical Instruments,Toy Instruments,,https://www.etsy.com/c/handmade/books-movies-and-music/music/musical-instruments/toy-instruments?explicit=1,https://www.etsy.com/c/handmade/books-movies-and-music/music/musical-instruments/toy-instruments?explicit=1&ref=pagination&page=2
etsy,Musical Instruments,Pianos & Keyboards,,https://www.etsy.com/c/handmade/books-movies-and-music/music/musical-instruments/pianos-and-keyboards?explicit=1,https://www.etsy.com/c/handmade/books-movies-and-music/music/musical-instruments/pianos-and-keyboards?explicit=1&ref=pagination&page=2
etsy,Musical Instruments,Brass & Horns,,https://www.etsy.com/c/handmade/books-movies-and-music/music/musical-instruments/brass-and-horns?explicit=1,https://www.etsy.com/c/handmade/books-movies-and-music/music/musical-instruments/brass-and-horns?explicit=1&ref=pagination&page=2
etsy,Musical Instruments,Tuning & Accessories,,https://www.etsy.com/c/handmade/books-movies-and-music/music/musical-instruments/tuning-and-accessories?explicit=1,https://www.etsy.com/c/handmade/books-movies-and-music/music/musical-instruments/tuning-and-accessories?explicit=1&ref=pagination&page=2
etsy,Musical Instruments,Microphones,,https://www.etsy.com/c/handmade/books-movies-and-music/music/musical-instruments/microphones?explicit=1,https://www.etsy.com/c/handmade/books-movies-and-music/music/musical-instruments/microphones?explicit=1&ref=pagination&page=2
etsy,Paper,"Stickers, Labels & Tags",Stickers,https://www.etsy.com/c/handmade/paper-and-party-supplies/paper/stickers-labels-and-tags/stickers?explicit=1,https://www.etsy.com/c/handmade/paper-and-party-supplies/paper/stickers-labels-and-tags/stickers?explicit=1&ref=pagination&page=2
etsy,Paper,"Stickers, Labels & Tags",Stamps,https://www.etsy.com/c/handmade/paper-and-party-supplies/paper/stickers-labels-and-tags/stamps?explicit=1,https://www.etsy.com/c/handmade/paper-and-party-supplies/paper/stickers-labels-and-tags/stamps?explicit=1&ref=pagination&page=2
etsy,Paper,"Stickers, Labels & Tags",Bumper Stickers,https://www.etsy.com/c/paper-and-party-supplies/paper/stickers-labels-and-tags/bumper-stickers?explicit=1,https://www.etsy.com/c/paper-and-party-supplies/paper/stickers-labels-and-tags/bumper-stickers?explicit=1&ref=pagination&page=2
etsy,Paper,"Stickers, Labels & Tags",Labels,https://www.etsy.com/c/paper-and-party-supplies/paper/stickers-labels-and-tags/labels?explicit=1,https://www.etsy.com/c/paper-and-party-supplies/paper/stickers-labels-and-tags/labels?explicit=1&ref=pagination&page=2
etsy,Paper,"Stickers, Labels & Tags",Sets,https://www.etsy.com/c/paper-and-party-supplies/paper/stickers-labels-and-tags/sets?explicit=1,https://www.etsy.com/c/paper-and-party-supplies/paper/stickers-labels-and-tags/sets?explicit=1&ref=pagination&page=2
etsy,Paper,"Stickers, Labels & Tags",Tags,https://www.etsy.com/c/paper-and-party-supplies/paper/stickers-labels-and-tags/tags?explicit=1,https://www.etsy.com/c/paper-and-party-supplies/paper/stickers-labels-and-tags/tags?explicit=1&ref=pagination&page=2
etsy,Paper,"Stickers, Labels & Tags",Address & Shipping Labels,https://www.etsy.com/c/paper-and-party-supplies/paper/stickers-labels-and-tags/address-and-shipping-labels?explicit=1,https://www.etsy.com/c/paper-and-party-supplies/paper/stickers-labels-and-tags/address-and-shipping-labels?explicit=1&ref=pagination&page=2
etsy,Paper,"Stickers, Labels & Tags",Seals,https://www.etsy.com/c/paper-and-party-supplies/paper/stickers-labels-and-tags/seals?explicit=1,https://www.etsy.com/c/paper-and-party-supplies/paper/stickers-labels-and-tags/seals?explicit=1&ref=pagination&page=2
etsy,Paper,"Stickers, Labels & Tags",Ink & Ink Pads,https://www.etsy.com/c/paper-and-party-supplies/paper/stickers-labels-and-tags/ink-and-ink-pads?explicit=1,https://www.etsy.com/c/paper-and-party-supplies/paper/stickers-labels-and-tags/ink-and-ink-pads?explicit=1&ref=pagination&page=2
etsy,Paper,Invitations & Announcements,Invitations,https://www.etsy.com/c/handmade/paper-and-party-supplies/paper/invitations-and-announcements/invitations?explicit=1,https://www.etsy.com/c/handmade/paper-and-party-supplies/paper/invitations-and-announcements/invitations?explicit=1&ref=pagination&page=2
etsy,Paper,Invitations & Announcements,Templates,https://www.etsy.com/c/handmade/paper-and-party-supplies/paper/invitations-and-announcements/templates?explicit=1,https://www.etsy.com/c/handmade/paper-and-party-supplies/paper/invitations-and-announcements/templates?explicit=1&ref=pagination&page=2
etsy,Paper,Invitations & Announcements,Save The Dates,https://www.etsy.com/c/handmade/paper-and-party-supplies/paper/invitations-and-announcements/save-the-dates?explicit=1,https://www.etsy.com/c/handmade/paper-and-party-supplies/paper/invitations-and-announcements/save-the-dates?explicit=1&ref=pagination&page=2
etsy,Paper,Invitations & Announcements,Announcements,https://www.etsy.com/c/handmade/paper-and-party-supplies/paper/invitations-and-announcements/announcements?explicit=1,https://www.etsy.com/c/handmade/paper-and-party-supplies/paper/invitations-and-announcements/announcements?explicit=1&ref=pagination&page=2
etsy,Paper,Greeting Cards,Holiday & Seasonal Cards,https://www.etsy.com/c/handmade/paper-and-party-supplies/paper/greeting-cards/holiday-and-seasonal-cards?explicit=1,https://www.etsy.com/c/handmade/paper-and-party-supplies/paper/greeting-cards/holiday-and-seasonal-cards?explicit=1&ref=pagination&page=2
etsy,Paper,Greeting Cards,Blank Cards,https://www.etsy.com/c/handmade/paper-and-party-supplies/paper/greeting-cards/blank-cards?explicit=1,https://www.etsy.com/c/handmade/paper-and-party-supplies/paper/greeting-cards/blank-cards?explicit=1&ref=pagination&page=2
etsy,Paper,Greeting Cards,Birthday Cards,https://www.etsy.com/c/handmade/paper-and-party-supplies/paper/greeting-cards/birthday-cards?explicit=1,https://www.etsy.com/c/handmade/paper-and-party-supplies/paper/greeting-cards/birthday-cards?explicit=1&ref=pagination&page=2
etsy,Paper,Greeting Cards,Thank You Cards,https://www.etsy.com/c/handmade/paper-and-party-supplies/paper/greeting-cards/thank-you-cards?explicit=1,https://www.etsy.com/c/handmade/paper-and-party-supplies/paper/greeting-cards/thank-you-cards?explicit=1&ref=pagination&page=2
etsy,Paper,Greeting Cards,Love Cards,https://www.etsy.com/c/handmade/paper-and-party-supplies/paper/greeting-cards/love-cards?explicit=1,https://www.etsy.com/c/handmade/paper-and-party-supplies/paper/greeting-cards/love-cards?explicit=1&ref=pagination&page=2
etsy,Paper,Greeting Cards,Wedding & Engagement Cards,https://www.etsy.com/c/handmade/paper-and-party-supplies/paper/greeting-cards/wedding-and-engagement-cards?explicit=1,https://www.etsy.com/c/handmade/paper-and-party-supplies/paper/greeting-cards/wedding-and-engagement-cards?explicit=1&ref=pagination&page=2
etsy,Paper,Greeting Cards,Baby & Expecting Cards,https://www.etsy.com/c/handmade/paper-and-party-supplies/paper/greeting-cards/baby-and-expecting-cards?explicit=1,https://www.etsy.com/c/handmade/paper-and-party-supplies/paper/greeting-cards/baby-and-expecting-cards?explicit=1&ref=pagination&page=2
etsy,Paper,Greeting Cards,Just Because Cards,https://www.etsy.com/c/handmade/paper-and-party-supplies/paper/greeting-cards/just-because-cards?explicit=1,https://www.etsy.com/c/handmade/paper-and-party-supplies/paper/greeting-cards/just-because-cards?explicit=1&ref=pagination&page=2
etsy,Paper,Greeting Cards,Anniversary Cards,https://www.etsy.com/c/handmade/paper-and-party-supplies/paper/greeting-cards/anniversary-cards?explicit=1,https://www.etsy.com/c/handmade/paper-and-party-supplies/paper/greeting-cards/anniversary-cards?explicit=1&ref=pagination&page=2
etsy,Paper, Stationery,Stamps & Seals,https://www.etsy.com/c/handmade/paper-and-party-supplies/paper/stationery/stamps-and-seals?explicit=1,https://www.etsy.com/c/handmade/paper-and-party-supplies/paper/stationery/stamps-and-seals?explicit=1&ref=pagination&page=2
etsy,Paper, Stationery,Design & Templates,https://www.etsy.com/c/handmade/paper-and-party-supplies/paper/stationery/design-and-templates?explicit=1,https://www.etsy.com/c/handmade/paper-and-party-supplies/paper/stationery/design-and-templates?explicit=1&ref=pagination&page=2
etsy,Paper, Stationery,Business & Calling Cards,https://www.etsy.com/c/handmade/paper-and-party-supplies/paper/stationery/business-and-calling-cards?explicit=1,https://www.etsy.com/c/handmade/paper-and-party-supplies/paper/stationery/business-and-calling-cards?explicit=1&ref=pagination&page=2
etsy,Paper, Stationery,Postcards,https://www.etsy.com/c/handmade/paper-and-party-supplies/paper/stationery/postcards?explicit=1,https://www.etsy.com/c/handmade/paper-and-party-supplies/paper/stationery/postcards?explicit=1&ref=pagination&page=2
etsy,Paper, Stationery,Note Cards,https://www.etsy.com/c/handmade/paper-and-party-supplies/paper/stationery/note-cards?explicit=1,https://www.etsy.com/c/handmade/paper-and-party-supplies/paper/stationery/note-cards?explicit=1&ref=pagination&page=2
etsy,Paper, Stationery,Notepads,https://www.etsy.com/c/handmade/paper-and-party-supplies/paper/stationery/notepads?explicit=1,https://www.etsy.com/c/handmade/paper-and-party-supplies/paper/stationery/notepads?explicit=1&ref=pagination&page=2
etsy,Paper, Stationery,Stationery Sets,https://www.etsy.com/c/handmade/paper-and-party-supplies/paper/stationery/stationery-sets?explicit=1,https://www.etsy.com/c/handmade/paper-and-party-supplies/paper/stationery/stationery-sets?explicit=1&ref=pagination&page=2
etsy,Paper, Stationery,Envelopes,https://www.etsy.com/c/handmade/paper-and-party-supplies/paper/stationery/envelopes?explicit=1,https://www.etsy.com/c/handmade/paper-and-party-supplies/paper/stationery/envelopes?explicit=1&ref=pagination&page=2
etsy,Paper, Stationery,Writing Paper,https://www.etsy.com/c/handmade/paper-and-party-supplies/paper/stationery/writing-paper?explicit=1,https://www.etsy.com/c/handmade/paper-and-party-supplies/paper/stationery/writing-paper?explicit=1&ref=pagination&page=2
etsy,Paper,Calendars & Planners,,https://www.etsy.com/c/handmade/paper-and-party-supplies/paper/calendars-and-planners?explicit=1,https://www.etsy.com/c/handmade/paper-and-party-supplies/paper/calendars-and-planners?explicit=1&ref=pagination&page=2
etsy,Paper,Gift Wrapping,Washi Tape,https://www.etsy.com/c/handmade/paper-and-party-supplies/paper/gift-wrapping/washi-tape?explicit=1,https://www.etsy.com/c/handmade/paper-and-party-supplies/paper/gift-wrapping/washi-tape?explicit=1&ref=pagination&page=2
etsy,Paper,Gift Wrapping,Gift Boxes,https://www.etsy.com/c/handmade/paper-and-party-supplies/paper/gift-wrapping/gift-boxes?explicit=1,https://www.etsy.com/c/handmade/paper-and-party-supplies/paper/gift-wrapping/gift-boxes?explicit=1&ref=pagination&page=2
etsy,Paper,Gift Wrapping,Wrapping Paper & Furoshiki,https://www.etsy.com/c/handmade/paper-and-party-supplies/paper/gift-wrapping/wrapping-paper-and-furoshiki?explicit=1,https://www.etsy.com/c/handmade/paper-and-party-supplies/paper/gift-wrapping/wrapping-paper-and-furoshiki?explicit=1&ref=pagination&page=2
etsy,Paper,Gift Wrapping,Gift Bags,https://www.etsy.com/c/handmade/paper-and-party-supplies/paper/gift-wrapping/gift-bags?explicit=1,https://www.etsy.com/c/handmade/paper-and-party-supplies/paper/gift-wrapping/gift-bags?explicit=1&ref=pagination&page=2
etsy,Paper,Origami,,https://www.etsy.com/c/handmade/paper-and-party-supplies/paper/origami?explicit=1,https://www.etsy.com/c/handmade/paper-and-party-supplies/paper/origami?explicit=1&ref=pagination&page=2
etsy,Paper,Calligraphy,,https://www.etsy.com/c/handmade/paper-and-party-supplies/paper/calligraphy?explicit=1,https://www.etsy.com/c/handmade/paper-and-party-supplies/paper/calligraphy?explicit=1&ref=pagination&page=2
etsy,Paper,Paper Ephemera,,https://www.etsy.com/c/handmade/paper-and-party-supplies/paper/paper-ephemera?explicit=1,https://www.etsy.com/c/handmade/paper-and-party-supplies/paper/paper-ephemera?explicit=1&ref=pagination&page=2
etsy,Party Supplies,,,https://www.etsy.com/c/handmade/paper-and-party-supplies/party-supplies?explicit=1,https://www.etsy.com/c/handmade/paper-and-party-supplies/party-supplies?explicit=1&ref=pagination&page=2
etsy,Accessories,Hair Accessories,Wreaths & Tiaras,https://www.etsy.com/c/handmade/weddings/accessories/hair-accessories/wreaths-and-tiaras?explicit=1,https://www.etsy.com/c/handmade/weddings/accessories/hair-accessories/wreaths-and-tiaras?explicit=1&ref=pagination&page=2
etsy,Accessories,Hair Accessories,Decorative Combs,https://www.etsy.com/c/handmade/weddings/accessories/hair-accessories/decorative-combs?explicit=1,https://www.etsy.com/c/handmade/weddings/accessories/hair-accessories/decorative-combs?explicit=1&ref=pagination&page=2
etsy,Accessories,Hair Accessories,Hair Jewelry,https://www.etsy.com/c/handmade/weddings/accessories/hair-accessories/hair-jewelry?explicit=1,https://www.etsy.com/c/handmade/weddings/accessories/hair-accessories/hair-jewelry?explicit=1&ref=pagination&page=2
etsy,Accessories,Hair Accessories,Hair Pins,https://www.etsy.com/c/handmade/weddings/accessories/hair-accessories/hair-pins?explicit=1,https://www.etsy.com/c/handmade/weddings/accessories/hair-accessories/hair-pins?explicit=1&ref=pagination&page=2
etsy,Accessories,Bouquets & Corsages,,https://www.etsy.com/c/handmade/weddings/accessories/bouquets-and-corsages?explicit=1,https://www.etsy.com/c/handmade/weddings/accessories/bouquets-and-corsages?explicit=1&ref=pagination&page=2
etsy,Accessories,Veils,,https://www.etsy.com/c/handmade/weddings/accessories/veils?explicit=1,https://www.etsy.com/c/handmade/weddings/accessories/veils?explicit=1&ref=pagination&page=2
etsy,Accessories,Bags & Purses,,https://www.etsy.com/c/handmade/weddings/accessories/bags-and-purses?explicit=1,https://www.etsy.com/c/handmade/weddings/accessories/bags-and-purses?explicit=1&ref=pagination&page=2
etsy,Accessories,Belts & Sashes,,https://www.etsy.com/c/handmade/weddings/accessories/belts-and-sashes?explicit=1,https://www.etsy.com/c/handmade/weddings/accessories/belts-and-sashes?explicit=1&ref=pagination&page=2
etsy,Accessories,Neckties,,https://www.etsy.com/c/handmade/weddings/accessories/neckties?explicit=1,https://www.etsy.com/c/handmade/weddings/accessories/neckties?explicit=1&ref=pagination&page=2
etsy,Accessories,Shawls & Wraps,,https://www.etsy.com/c/handmade/weddings/accessories/wraps-and-shawls?explicit=1,https://www.etsy.com/c/handmade/weddings/accessories/wraps-and-shawls?explicit=1&ref=pagination&page=2
etsy,Accessories,Hats,,https://www.etsy.com/c/handmade/weddings/accessories/hats?explicit=1,https://www.etsy.com/c/handmade/weddings/accessories/hats?explicit=1&ref=pagination&page=2
etsy,Accessories,Cover Ups & Scarves,,https://www.etsy.com/c/handmade/weddings/accessories/cover-ups-and-scarves?explicit=1,https://www.etsy.com/c/handmade/weddings/accessories/cover-ups-and-scarves?explicit=1&ref=pagination&page=2
etsy,Clothing,Dresses,Bridal Gowns & Separates,https://www.etsy.com/c/handmade/weddings/clothing/dresses/wedding-gowns-and-separates?explicit=1,https://www.etsy.com/c/handmade/weddings/clothing/dresses/wedding-gowns-and-separates?explicit=1&ref=pagination&page=2
etsy,Clothing,Dresses,Flower Girl Dresses,https://www.etsy.com/c/handmade/weddings/clothing/dresses/flower-girl-dresses?explicit=1,https://www.etsy.com/c/handmade/weddings/clothing/dresses/flower-girl-dresses?explicit=1&ref=pagination&page=2
etsy,Clothing,Dresses,Bridesmaid Dresses,https://www.etsy.com/c/handmade/weddings/clothing/dresses/bridesmaid-dresses?explicit=1,https://www.etsy.com/c/handmade/weddings/clothing/dresses/bridesmaid-dresses?explicit=1&ref=pagination&page=2
etsy,Clothing,Dresses,Mother of the Bride Dresses,https://www.etsy.com/c/handmade/weddings/clothing/dresses/mother-of-the-bride-dresses?explicit=1,https://www.etsy.com/c/handmade/weddings/clothing/dresses/mother-of-the-bride-dresses?explicit=1&ref=pagination&page=2
etsy,Clothing,Lingerie & Garters,,https://www.etsy.com/c/handmade/weddings/clothing/lingerie-and-garters?explicit=1,https://www.etsy.com/c/handmade/weddings/clothing/lingerie-and-garters?explicit=1&ref=pagination&page=2
etsy,Clothing,Suits,,https://www.etsy.com/c/handmade/weddings/clothing/suits?explicit=1,https://www.etsy.com/c/handmade/weddings/clothing/suits?explicit=1&ref=pagination&page=2
etsy,Clothing,Shrugs & Boleros,,https://www.etsy.com/c/handmade/weddings/clothing/shrugs-and-boleros?explicit=1,https://www.etsy.com/c/handmade/weddings/clothing/shrugs-and-boleros?explicit=1&ref=pagination&page=2
etsy,Decorations,Serving & Dining,,https://www.etsy.com/c/handmade/weddings/decorations/serving-and-dining?explicit=1,https://www.etsy.com/c/handmade/weddings/decorations/serving-and-dining?explicit=1&ref=pagination&page=2
etsy,Decorations,Baskets & Boxes,,https://www.etsy.com/c/handmade/weddings/decorations/baskets-and-boxes?explicit=1,https://www.etsy.com/c/handmade/weddings/decorations/baskets-and-boxes?explicit=1&ref=pagination&page=2
etsy,Decorations,Candles & Holders,,https://www.etsy.com/c/handmade/weddings/decorations/candles-and-holders?explicit=1,https://www.etsy.com/c/handmade/weddings/decorations/candles-and-holders?explicit=1&ref=pagination&page=2
etsy,Decorations,Signs,,https://www.etsy.com/c/handmade/weddings/decorations/signs?explicit=1,https://www.etsy.com/c/handmade/weddings/decorations/signs?explicit=1&ref=pagination&page=2
etsy,Decorations,Cake Toppers,,https://www.etsy.com/c/handmade/weddings/decorations/cake-toppers?explicit=1,https://www.etsy.com/c/handmade/weddings/decorations/cake-toppers?explicit=1&ref=pagination&page=2
etsy,Decorations,Centerpieces,,https://www.etsy.com/c/handmade/weddings/decorations/centerpieces?explicit=1,https://www.etsy.com/c/handmade/weddings/decorations/centerpieces?explicit=1&ref=pagination&page=2
etsy,Decorations,Ring Bearer Pillows,,https://www.etsy.com/c/handmade/weddings/decorations/ring-bearer-pillows?explicit=1,https://www.etsy.com/c/handmade/weddings/decorations/ring-bearer-pillows?explicit=1&ref=pagination&page=2
etsy,Decorations,Aisle Runners & Decor,,https://www.etsy.com/c/handmade/weddings/decorations/aisle-runners-and-decor?explicit=1,https://www.etsy.com/c/handmade/weddings/decorations/aisle-runners-and-decor?explicit=1&ref=pagination&page=2
etsy,Decorations,Paper Fans,,https://www.etsy.com/c/handmade/weddings/decorations/paper-fans?explicit=1,https://www.etsy.com/c/handmade/weddings/decorations/paper-fans?explicit=1&ref=pagination&page=2
etsy,Gifts & Mementos,Bridesmaids' Gifts,,https://www.etsy.com/c/handmade/weddings/gifts-and-mementos/bridesmaids-gifts?explicit=1,https://www.etsy.com/c/handmade/weddings/gifts-and-mementos/bridesmaids-gifts?explicit=1&ref=pagination&page=2
etsy,Gifts & Mementos,Groomsmen Gifts,,https://www.etsy.com/c/handmade/weddings/gifts-and-mementos/groomsmen-gifts?explicit=1,https://www.etsy.com/c/handmade/weddings/gifts-and-mementos/groomsmen-gifts?explicit=1&ref=pagination&page=2
etsy,Gifts & Mementos,Portraits & Frames,,https://www.etsy.com/c/handmade/weddings/gifts-and-mementos/portraits-and-frames?explicit=1,https://www.etsy.com/c/handmade/weddings/gifts-and-mementos/portraits-and-frames?explicit=1&ref=pagination&page=2
etsy,Gifts & Mementos,Wedding Favors,,https://www.etsy.com/c/handmade/weddings/gifts-and-mementos/wedding-favors?explicit=1,https://www.etsy.com/c/handmade/weddings/gifts-and-mementos/wedding-favors?explicit=1&ref=pagination&page=2
etsy,Gifts & Mementos,Gifts For The Couple,,https://www.etsy.com/c/handmade/weddings/gifts-and-mementos/gifts-for-the-couple?explicit=1,https://www.etsy.com/c/handmade/weddings/gifts-and-mementos/gifts-for-the-couple?explicit=1&ref=pagination&page=2
etsy,Gifts & Mementos,Guest Books,,https://www.etsy.com/c/handmade/weddings/gifts-and-mementos/guest-books?explicit=1,https://www.etsy.com/c/handmade/weddings/gifts-and-mementos/guest-books?explicit=1&ref=pagination&page=2
etsy,Gifts & Mementos,Albums & Scrapbooks,,https://www.etsy.com/c/handmade/weddings/gifts-and-mementos/albums-and-scrapbooks?explicit=1,https://www.etsy.com/c/handmade/weddings/gifts-and-mementos/albums-and-scrapbooks?explicit=1&ref=pagination&page=2
etsy,Gifts & Mementos,Wedding Dress Hangers,,https://www.etsy.com/c/handmade/weddings/gifts-and-mementos/wedding-dress-hangers?explicit=1,https://www.etsy.com/c/handmade/weddings/gifts-and-mementos/wedding-dress-hangers?explicit=1&ref=pagination&page=2
etsy,Jewelry,Rings,Engagement Rings,https://www.etsy.com/c/handmade/weddings/jewelry/rings/engagement-rings?explicit=1,https://www.etsy.com/c/handmade/weddings/jewelry/rings/engagement-rings?explicit=1&ref=pagination&page=2
etsy,Jewelry,Rings,Wedding Bands,https://www.etsy.com/c/handmade/weddings/jewelry/rings/wedding-bands?explicit=1,https://www.etsy.com/c/handmade/weddings/jewelry/rings/wedding-bands?explicit=1&ref=pagination&page=2
etsy,Jewelry,Rings,Anniversary Rings,https://www.etsy.com/c/handmade/weddings/jewelry/rings/anniversary-rings?explicit=1,https://www.etsy.com/c/handmade/weddings/jewelry/rings/anniversary-rings?explicit=1&ref=pagination&page=2
etsy,Jewelry,Rings,Bridal Sets,https://www.etsy.com/c/handmade/weddings/jewelry/rings/bridal-sets?explicit=1,https://www.etsy.com/c/handmade/weddings/jewelry/rings/bridal-sets?explicit=1&ref=pagination&page=2
etsy,Jewelry,Cuff Links & Tie Clips,,https://www.etsy.com/c/handmade/weddings/jewelry/cuff-links-and-tie-tacks?explicit=1,https://www.etsy.com/c/handmade/weddings/jewelry/cuff-links-and-tie-tacks?explicit=1&ref=pagination&page=2
etsy,Jewelry,Necklaces,,https://www.etsy.com/c/handmade/weddings/jewelry/necklaces?explicit=1,https://www.etsy.com/c/handmade/weddings/jewelry/necklaces?explicit=1&ref=pagination&page=2
etsy,Jewelry,Earrings,,https://www.etsy.com/c/handmade/weddings/jewelry/earrings?explicit=1,https://www.etsy.com/c/handmade/weddings/jewelry/earrings?explicit=1&ref=pagination&page=2
etsy,Jewelry,Bracelets,,https://www.etsy.com/c/handmade/weddings/jewelry/bracelets?explicit=1,https://www.etsy.com/c/handmade/weddings/jewelry/bracelets?explicit=1&ref=pagination&page=2
etsy,Jewelry,Pendants,,https://www.etsy.com/c/handmade/weddings/jewelry/pendants?explicit=1,https://www.etsy.com/c/handmade/weddings/jewelry/pendants?explicit=1&ref=pagination&page=2
etsy,Jewelry,Jewelry Sets,,https://www.etsy.com/c/handmade/weddings/jewelry/jewelry-sets?explicit=1,https://www.etsy.com/c/handmade/weddings/jewelry/jewelry-sets?explicit=1&ref=pagination&page=2
etsy,Jewelry,Brooches,,https://www.etsy.com/c/handmade/weddings/jewelry/brooches?explicit=1,https://www.etsy.com/c/handmade/weddings/jewelry/brooches?explicit=1&ref=pagination&page=2
